ISO3,Country,Residence Type,Service Type,Year,Coverage,Population,Safely managed element
ABW,Aruba,total,Sanitation,2020,4.6721,4979.76046,Sewage treated
ALB,Albania,total,Sanitation,2020,9.28909,266304.29742,Faecal sludge treated
ALB,Albania,urban,Sanitation,2020,3.20696,57105.02119,Faecal sludge treated
ALB,Albania,total,Sanitation,2020,16.88907,484184.11489,Disposed insitu
ALB,Albania,urban,Sanitation,2020,5.83078,103826.12826,Disposed insitu
ALB,Albania,total,Sanitation,2020,26.41708,757337.81759,Sewage treated
ALB,Albania,rural,Sanitation,2020,10.47843,113815.89822,Sewage treated
ALB,Albania,urban,Sanitation,2020,36.13957,643521.88699,Sewage treated
AND,Andorra,total,Sanitation,2020,0,0,Faecal sludge treated
AND,Andorra,rural,Sanitation,2020,0,0,Faecal sludge treated
AND,Andorra,urban,Sanitation,2020,0,0,Faecal sludge treated
AND,Andorra,total,Sanitation,2020,0,0,Disposed insitu
AND,Andorra,rural,Sanitation,2020,0,0,Disposed insitu
AND,Andorra,urban,Sanitation,2020,0,0,Disposed insitu
AND,Andorra,total,Sanitation,2020,100,77699.99886,Sewage treated
AND,Andorra,rural,Sanitation,2020,100,9389.2686,Sewage treated
AND,Andorra,urban,Sanitation,2020,100,68310.734,Sewage treated
ARE,United Arab Emirates,total,Sanitation,2020,2.95738,274660.7154,Faecal sludge treated
ARE,United Arab Emirates,rural,Sanitation,2020,6.28875,75646.67493,Faecal sludge treated
ARE,United Arab Emirates,urban,Sanitation,2020,2.4617,199014.03955,Faecal sludge treated
ARE,United Arab Emirates,total,Sanitation,2020,2.95744,274666.00985,Disposed insitu
ARE,United Arab Emirates,rural,Sanitation,2020,6.28887,75648.13312,Disposed insitu
ARE,United Arab Emirates,urban,Sanitation,2020,2.46175,199017.8758,Disposed insitu
ARE,United Arab Emirates,total,Sanitation,2020,92.54676,8595085.14237,Sewage treated
ARE,United Arab Emirates,rural,Sanitation,2020,85.93887,1033749.77067,Sewage treated
ARE,United Arab Emirates,urban,Sanitation,2020,93.52996,7561335.41045,Sewage treated
ARG,Argentina,urban,Sanitation,2020,4.48114,1858918.79256,Faecal sludge treated
ARG,Argentina,urban,Sanitation,2020,12.09162,5015982.71268,Disposed insitu
ARG,Argentina,urban,Sanitation,2020,29.61567,12285510.97617,Sewage treated
ARM,Armenia,total,Sanitation,2020,0,0,Faecal sludge treated
ARM,Armenia,urban,Sanitation,2020,0,0,Faecal sludge treated
ARM,Armenia,total,Sanitation,2020,10.8295,303833.24344,Disposed insitu
ARM,Armenia,urban,Sanitation,2020,0,0,Disposed insitu
ARM,Armenia,total,Sanitation,2020,0,0,Sewage treated
ARM,Armenia,rural,Sanitation,2020,0,0,Sewage treated
ARM,Armenia,urban,Sanitation,2020,0,0,Sewage treated
ASM,American Samoa,total,Sanitation,2020,5.48474,2533.34486,Faecal sludge treated
ASM,American Samoa,total,Sanitation,2020,6.42616,2968.18032,Disposed insitu
ASM,American Samoa,total,Sanitation,2020,25.0775,11583.0473,Sewage treated
AUS,Australia,total,Sanitation,2020,1.5398,395268.61291,Faecal sludge treated
AUS,Australia,total,Sanitation,2020,1.56053,400589.43156,Disposed insitu
AUS,Australia,total,Sanitation,2020,92.51341,23748239.36603,Sewage treated
AUT,Austria,total,Sanitation,2020,0.81285,72406.59863,Faecal sludge treated
AUT,Austria,rural,Sanitation,2020,0.83932,30841.87771,Faecal sludge treated
AUT,Austria,urban,Sanitation,2020,0.79426,41564.72014,Faecal sludge treated
AUT,Austria,total,Sanitation,2020,6.28122,559517.07905,Disposed insitu
AUT,Austria,rural,Sanitation,2020,14.09534,517952.35993,Disposed insitu
AUT,Austria,urban,Sanitation,2020,0.79426,41564.72014,Disposed insitu
AUT,Austria,total,Sanitation,2020,92.57441,8246321.66231,Sewage treated
AUT,Austria,rural,Sanitation,2020,84.32809,3098750.32029,Sewage treated
AUT,Austria,urban,Sanitation,2020,98.36485,5147571.24212,Sewage treated
AZE,Azerbaijan,urban,Sanitation,2020,4.11455,238660.60103,Faecal sludge treated
AZE,Azerbaijan,urban,Sanitation,2020,4.45685,258515.2408,Disposed insitu
AZE,Azerbaijan,urban,Sanitation,2020,51.59581,2992765.68432,Sewage treated
BEL,Belgium,total,Sanitation,2020,5.45293,630452.49898,Faecal sludge treated
BEL,Belgium,total,Sanitation,2020,5.45293,630452.49898,Disposed insitu
BEL,Belgium,total,Sanitation,2020,83.15246,9613851.62015,Sewage treated
BEN,Benin,total,Sanitation,2020,0,0,Faecal sludge treated
BEN,Benin,rural,Sanitation,2020,0,0,Faecal sludge treated
BEN,Benin,urban,Sanitation,2020,0,0,Faecal sludge treated
BEN,Benin,total,Sanitation,2020,2.43373,307699.25403,Disposed insitu
BEN,Benin,rural,Sanitation,2020,1.73065,112872.11351,Disposed insitu
BEN,Benin,urban,Sanitation,2020,3.18284,194827.14016,Disposed insitu
BEN,Benin,total,Sanitation,2020,0.24682,31206.28964,Sewage treated
BEN,Benin,rural,Sanitation,2020,0.05328,3475.01936,Sewage treated
BEN,Benin,urban,Sanitation,2020,0.45304,27731.27038,Sewage treated
BFA,Burkina Faso,total,Sanitation,2020,0,0,Faecal sludge treated
BFA,Burkina Faso,rural,Sanitation,2020,0,0,Faecal sludge treated
BFA,Burkina Faso,urban,Sanitation,2020,0,0,Faecal sludge treated
BFA,Burkina Faso,total,Sanitation,2020,9.06722,1951504.14479,Disposed insitu
BFA,Burkina Faso,rural,Sanitation,2020,7.89767,1179532.41145,Disposed insitu
BFA,Burkina Faso,urban,Sanitation,2020,11.71886,771971.68991,Disposed insitu
BFA,Burkina Faso,total,Sanitation,2020,0.09286,19985.96633,Sewage treated
BFA,Burkina Faso,rural,Sanitation,2020,0.00129,192.33366,Sewage treated
BFA,Burkina Faso,urban,Sanitation,2020,0.30048,19793.63214,Sewage treated
BGD,Bangladesh,total,Sanitation,2020,0,0,Faecal sludge treated
BGD,Bangladesh,rural,Sanitation,2020,0,0,Faecal sludge treated
BGD,Bangladesh,urban,Sanitation,2020,0,0,Faecal sludge treated
BGD,Bangladesh,total,Sanitation,2020,25.94051,43429845.53175,Disposed insitu
BGD,Bangladesh,rural,Sanitation,2020,29.2736,30299543.90109,Disposed insitu
BGD,Bangladesh,urban,Sanitation,2020,20.54297,13130303.68399,Disposed insitu
BGD,Bangladesh,total,Sanitation,2020,3.088,5169966.36566,Sewage treated
BGD,Bangladesh,rural,Sanitation,2020,0.24624,254867.39572,Sewage treated
BGD,Bangladesh,urban,Sanitation,2020,7.6899,4915098.92848,Sewage treated
BGR,Bulgaria,total,Sanitation,2020,2.84557,198597.22838,Faecal sludge treated
BGR,Bulgaria,rural,Sanitation,2020,8.6854,147384.04634,Faecal sludge treated
BGR,Bulgaria,urban,Sanitation,2020,0.96953,51213.18363,Faecal sludge treated
BGR,Bulgaria,total,Sanitation,2020,2.89981,202383.12315,Disposed insitu
BGR,Bulgaria,rural,Sanitation,2020,8.85097,150193.65499,Disposed insitu
BGR,Bulgaria,urban,Sanitation,2020,0.98801,52189.46978,Disposed insitu
BGR,Bulgaria,total,Sanitation,2020,65.69708,4585114.40491,Sewage treated
BGR,Bulgaria,rural,Sanitation,2020,42.63956,723557.68559,Sewage treated
BGR,Bulgaria,urban,Sanitation,2020,73.10428,3861556.86329,Sewage treated
BHR,Bahrain,total,Sanitation,2020,7.69865,113745.21725,Faecal sludge treated
BHR,Bahrain,total,Sanitation,2020,0,0,Disposed insitu
BHR,Bahrain,total,Sanitation,2020,83.90686,1239697.88162,Sewage treated
BIH,Bosnia and Herzegovina,urban,Sanitation,2020,3.61309,58773.59112,Faecal sludge treated
BIH,Bosnia and Herzegovina,urban,Sanitation,2020,3.90956,63596.15198,Disposed insitu
BIH,Bosnia and Herzegovina,urban,Sanitation,2020,45.57331,741333.39194,Sewage treated
BLR,Belarus,total,Sanitation,2020,4.02137,387408.39097,Faecal sludge treated
BLR,Belarus,rural,Sanitation,2020,0,0,Faecal sludge treated
BLR,Belarus,urban,Sanitation,2020,5.05941,387408.38919,Faecal sludge treated
BLR,Belarus,total,Sanitation,2020,8.9913,866198.68123,Disposed insitu
BLR,Belarus,rural,Sanitation,2020,27.58599,545252.01078,Disposed insitu
BLR,Belarus,urban,Sanitation,2020,4.19144,320946.69677,Disposed insitu
BLR,Belarus,total,Sanitation,2020,62.08368,5980980.69168,Sewage treated
BLR,Belarus,rural,Sanitation,2020,22.1542,437889.8903,Sewage treated
BLR,Belarus,urban,Sanitation,2020,72.3907,5543090.79825,Sewage treated
BMU,Bermuda,total,Sanitation,2020,1.5,960.465,Sewage treated
BMU,Bermuda,urban,Sanitation,2020,1.5,960.465,Sewage treated
BRA,Brazil,total,Sanitation,2020,3.92134,8360149.35996,Faecal sludge treated
BRA,Brazil,urban,Sanitation,2020,2.87674,5340268.48427,Faecal sludge treated
BRA,Brazil,total,Sanitation,2020,7.21415,15380301.81779,Disposed insitu
BRA,Brazil,urban,Sanitation,2020,5.29238,9824578.19109,Disposed insitu
BRA,Brazil,total,Sanitation,2020,37.60403,80170402.90065,Sewage treated
BRA,Brazil,rural,Sanitation,2020,4.5905,1265137.69742,Sewage treated
BRA,Brazil,urban,Sanitation,2020,42.50527,78905262.67735,Sewage treated
BTN,Bhutan,total,Sanitation,2020,0,0,Faecal sludge treated
BTN,Bhutan,rural,Sanitation,2020,0,0,Faecal sludge treated
BTN,Bhutan,urban,Sanitation,2020,0,0,Faecal sludge treated
BTN,Bhutan,total,Sanitation,2020,42.13647,325506.75206,Disposed insitu
BTN,Bhutan,rural,Sanitation,2020,54.34484,242167.35232,Disposed insitu
BTN,Bhutan,urban,Sanitation,2020,25.49435,83339.41114,Disposed insitu
BTN,Bhutan,total,Sanitation,2020,7.93748,61317.49665,Sewage treated
BTN,Bhutan,rural,Sanitation,2020,2.46078,10965.53756,Sewage treated
BTN,Bhutan,urban,Sanitation,2020,15.40316,50351.96164,Sewage treated
BWA,Botswana,total,Sanitation,2020,0.68352,17405.16748,Sewage treated
BWA,Botswana,rural,Sanitation,2020,0.08451,626.68477,Sewage treated
BWA,Botswana,urban,Sanitation,2020,0.92965,16778.48334,Sewage treated
CAF,Central African Republic,total,Sanitation,2020,0,0,Faecal sludge treated
CAF,Central African Republic,rural,Sanitation,2020,0,0,Faecal sludge treated
CAF,Central African Republic,urban,Sanitation,2020,0,0,Faecal sludge treated
CAF,Central African Republic,total,Sanitation,2020,13.57299,725207.66769,Disposed insitu
CAF,Central African Republic,rural,Sanitation,2020,5.91239,182596.76284,Disposed insitu
CAF,Central African Republic,urban,Sanitation,2020,24.06633,542610.91078,Disposed insitu
CAF,Central African Republic,total,Sanitation,2020,0.03081,1646.43293,Sewage treated
CAF,Central African Republic,rural,Sanitation,2020,0.00516,159.42761,Sewage treated
CAF,Central African Republic,urban,Sanitation,2020,0.06595,1487.00535,Sewage treated
CAN,Canada,total,Sanitation,2020,11.67644,4424050.68089,Faecal sludge treated
CAN,Canada,rural,Sanitation,2020,27.80682,1942562.00975,Faecal sludge treated
CAN,Canada,urban,Sanitation,2020,8.02998,2481488.61832,Faecal sludge treated
CAN,Canada,total,Sanitation,2020,0.5611,212593.86531,Disposed insitu
CAN,Canada,rural,Sanitation,2020,1.73172,120976.45579,Disposed insitu
CAN,Canada,urban,Sanitation,2020,0.29647,91617.40451,Disposed insitu
CAN,Canada,total,Sanitation,2020,71.75798,27188169.73938,Sewage treated
CAN,Canada,rural,Sanitation,2020,54.0208,3773849.21397,Sewage treated
CAN,Canada,urban,Sanitation,2020,75.76767,23414320.93047,Sewage treated
CHE,Switzerland,total,Sanitation,2020,0.20571,17770.52559,Faecal sludge treated
CHE,Switzerland,rural,Sanitation,2020,0.78862,17770.5254,Faecal sludge treated
CHE,Switzerland,urban,Sanitation,2020,0,0,Faecal sludge treated
CHE,Switzerland,total,Sanitation,2020,0.20571,17770.52559,Disposed insitu
CHE,Switzerland,rural,Sanitation,2020,0.78862,17770.5254,Disposed insitu
CHE,Switzerland,urban,Sanitation,2020,0,0,Disposed insitu
CHE,Switzerland,total,Sanitation,2020,99.40324,8587060.90868,Sewage treated
CHE,Switzerland,rural,Sanitation,2020,97.99589,2208222.03829,Sewage treated
CHE,Switzerland,urban,Sanitation,2020,99.8999,6378838.87788,Sewage treated
CHL,Chile,total,Sanitation,2020,3.19889,617395.96579,Faecal sludge treated
CHL,Chile,urban,Sanitation,2020,0.37889,64151.73318,Faecal sludge treated
CHL,Chile,total,Sanitation,2020,3.19889,617395.96579,Disposed insitu
CHL,Chile,urban,Sanitation,2020,0.37889,64151.73318,Disposed insitu
CHL,Chile,total,Sanitation,2020,88.86506,17151237.19335,Sewage treated
CHL,Chile,rural,Sanitation,2020,20.10599,476256.22829,Sewage treated
CHL,Chile,urban,Sanitation,2020,98.48445,16674981.06728,Sewage treated
CHN,China,total,Sanitation,2020,2.88884,41852114.94382,Faecal sludge treated
CHN,China,rural,Sanitation,2020,0,0,Faecal sludge treated
CHN,China,urban,Sanitation,2020,4.70281,41852115.17896,Faecal sludge treated
CHN,China,total,Sanitation,2020,4.09252,59290418.13054,Disposed insitu
CHN,China,rural,Sanitation,2020,6.69016,37385417.49843,Disposed insitu
CHN,China,urban,Sanitation,2020,2.4614,21904999.21644,Disposed insitu
CHN,China,total,Sanitation,2020,57.62832,834890982.60345,Sewage treated
CHN,China,rural,Sanitation,2020,27.28818,152489711.4142,Sewage treated
CHN,China,urban,Sanitation,2020,76.67957,682401268.74695,Sewage treated
CIV,Côte d’Ivoire,total,Sanitation,2020,0,0,Faecal sludge treated
CIV,Côte d’Ivoire,rural,Sanitation,2020,0,0,Faecal sludge treated
CIV,Côte d’Ivoire,urban,Sanitation,2020,0,0,Faecal sludge treated
CIV,Côte d’Ivoire,total,Sanitation,2020,14.85929,3984040.48984,Disposed insitu
CIV,Côte d’Ivoire,rural,Sanitation,2020,13.06707,1691987.58004,Disposed insitu
CIV,Côte d’Ivoire,urban,Sanitation,2020,16.53324,2292052.91471,Disposed insitu
CIV,Côte d’Ivoire,total,Sanitation,2020,1.8327,491380.61274,Sewage treated
CIV,Côte d’Ivoire,rural,Sanitation,2020,0.26215,33944.84513,Sewage treated
CIV,Côte d’Ivoire,urban,Sanitation,2020,3.29962,457435.77628,Sewage treated
COD,Democratic Republic of the Congo,total,Sanitation,2020,0,0,Faecal sludge treated
COD,Democratic Republic of the Congo,rural,Sanitation,2020,0,0,Faecal sludge treated
COD,Democratic Republic of the Congo,urban,Sanitation,2020,0,0,Faecal sludge treated
COD,Democratic Republic of the Congo,total,Sanitation,2020,13.00227,12073020.85518,Disposed insitu
COD,Democratic Republic of the Congo,rural,Sanitation,2020,11.13962,5622929.50142,Disposed insitu
COD,Democratic Republic of the Congo,urban,Sanitation,2020,15.22098,6450091.3417,Disposed insitu
COD,Democratic Republic of the Congo,total,Sanitation,2020,0.07631,70857.60739,Sewage treated
COD,Democratic Republic of the Congo,rural,Sanitation,2020,0.03118,15736.16857,Sewage treated
COD,Democratic Republic of the Congo,urban,Sanitation,2020,0.13008,55121.43868,Sewage treated
COL,Colombia,total,Sanitation,2020,0.85298,434429.04667,Faecal sludge treated
COL,Colombia,urban,Sanitation,2020,0.31719,131539.91258,Faecal sludge treated
COL,Colombia,total,Sanitation,2020,5.27905,2688652.81108,Disposed insitu
COL,Colombia,urban,Sanitation,2020,1.96307,814091.8717,Disposed insitu
COL,Colombia,total,Sanitation,2020,12.04352,6133844.86614,Sewage treated
COL,Colombia,rural,Sanitation,2020,2.10335,198984.74241,Sewage treated
COL,Colombia,urban,Sanitation,2020,14.31111,5934859.98312,Sewage treated
CRI,Costa Rica,total,Sanitation,2020,0,0,Faecal sludge treated
CRI,Costa Rica,rural,Sanitation,2020,0,0,Faecal sludge treated
CRI,Costa Rica,urban,Sanitation,2020,0,0,Faecal sludge treated
CRI,Costa Rica,total,Sanitation,2020,20.99052,1075366.3184,Disposed insitu
CRI,Costa Rica,rural,Sanitation,2020,34.37543,338639.86355,Disposed insitu
CRI,Costa Rica,urban,Sanitation,2020,17.804,736726.46837,Disposed insitu
CRI,Costa Rica,total,Sanitation,2020,4.00718,205292.29353,Sewage treated
CRI,Costa Rica,rural,Sanitation,2020,0.9048,8913.36275,Sewage treated
CRI,Costa Rica,urban,Sanitation,2020,4.74576,196378.93498,Sewage treated
CUB,Cuba,total,Sanitation,2020,3.53151,399085.53534,Faecal sludge treated
CUB,Cuba,rural,Sanitation,2020,0,0,Faecal sludge treated
CUB,Cuba,urban,Sanitation,2020,4.57485,399085.5382,Faecal sludge treated
CUB,Cuba,total,Sanitation,2020,21.76348,2459425.37646,Disposed insitu
CUB,Cuba,rural,Sanitation,2020,48.01118,1237362.0455,Disposed insitu
CUB,Cuba,urban,Sanitation,2020,14.00893,1222063.33746,Disposed insitu
CUB,Cuba,total,Sanitation,2020,15.87496,1793980.96014,Sewage treated
CUB,Cuba,rural,Sanitation,2020,7.17268,184856.86306,Sewage treated
CUB,Cuba,urban,Sanitation,2020,18.44594,1609124.10827,Sewage treated
CYM,Cayman Islands,total,Sanitation,2020,13.30025,8952.53231,Sewage treated
CYM,Cayman Islands,urban,Sanitation,2020,13.30025,8952.53231,Sewage treated
CYP,Cyprus,total,Sanitation,2020,13.47184,166719.01757,Faecal sludge treated
CYP,Cyprus,urban,Sanitation,2020,8.6257,71328.89695,Faecal sludge treated
CYP,Cyprus,total,Sanitation,2020,13.47184,166719.01757,Disposed insitu
CYP,Cyprus,urban,Sanitation,2020,8.6257,71328.89695,Disposed insitu
CYP,Cyprus,total,Sanitation,2020,49.87548,617227.46757,Sewage treated
CYP,Cyprus,rural,Sanitation,2020,11.52786,47333.65579,Sewage treated
CYP,Cyprus,urban,Sanitation,2020,68.91643,569893.81362,Sewage treated
CZE,Czechia,total,Sanitation,2020,3.18685,335606.02661,Faecal sludge treated
CZE,Czechia,total,Sanitation,2020,3.19199,336147.3955,Disposed insitu
CZE,Czechia,total,Sanitation,2020,82.6473,8703547.89224,Sewage treated
DEU,Germany,total,Sanitation,2020,1.42513,1187543.91663,Faecal sludge treated
DEU,Germany,rural,Sanitation,2020,6.06661,1139806.59164,Faecal sludge treated
DEU,Germany,urban,Sanitation,2020,0.07396,47737.35475,Faecal sludge treated
DEU,Germany,total,Sanitation,2020,0.84656,705429.86422,Disposed insitu
DEU,Germany,rural,Sanitation,2020,3.49883,657366.19758,Disposed insitu
DEU,Germany,urban,Sanitation,2020,0.07447,48063.68355,Disposed insitu
DEU,Germany,total,Sanitation,2020,94.60436,78832855.95842,Sewage treated
DEU,Germany,rural,Sanitation,2020,81.828,15373998.68525,Sewage treated
DEU,Germany,urban,Sanitation,2020,98.32363,63458856.91415,Sewage treated
DJI,Djibouti,total,Sanitation,2020,0,0,Faecal sludge treated
DJI,Djibouti,rural,Sanitation,2020,0,0,Faecal sludge treated
DJI,Djibouti,urban,Sanitation,2020,0,0,Faecal sludge treated
DJI,Djibouti,total,Sanitation,2020,37.19555,405489.52889,Disposed insitu
DJI,Djibouti,rural,Sanitation,2020,20.92939,50054.40875,Disposed insitu
DJI,Djibouti,urban,Sanitation,2020,41.76688,355435.1213,Disposed insitu
DJI,Djibouti,total,Sanitation,2020,2.3299,25399.55514,Sewage treated
DJI,Djibouti,rural,Sanitation,2020,0,0,Sewage treated
DJI,Djibouti,urban,Sanitation,2020,2.98468,25399.55519,Sewage treated
DNK,Denmark,total,Sanitation,2020,1.11593,65010.12724,Faecal sludge treated
DNK,Denmark,total,Sanitation,2020,5.88876,343057.83758,Disposed insitu
DNK,Denmark,total,Sanitation,2020,91.63583,5338374.75033,Sewage treated
DOM,Dominican Republic,total,Sanitation,2020,0,0,Faecal sludge treated
DOM,Dominican Republic,rural,Sanitation,2020,0,0,Faecal sludge treated
DOM,Dominican Republic,urban,Sanitation,2020,0,0,Faecal sludge treated
DOM,Dominican Republic,total,Sanitation,2020,34.14987,3756371.32339,Disposed insitu
DOM,Dominican Republic,rural,Sanitation,2020,46.78117,898451.8109,Disposed insitu
DOM,Dominican Republic,urban,Sanitation,2020,31.47792,2857919.50623,Disposed insitu
DOM,Dominican Republic,total,Sanitation,2020,9.8502,1083489.36345,Sewage treated
DOM,Dominican Republic,rural,Sanitation,2020,1.87908,36088.57742,Sewage treated
DOM,Dominican Republic,urban,Sanitation,2020,11.53637,1047400.78096,Sewage treated
DZA,Algeria,total,Sanitation,2020,0.75239,326926.73847,Faecal sludge treated
DZA,Algeria,rural,Sanitation,2020,2.52998,288757.82428,Faecal sludge treated
DZA,Algeria,urban,Sanitation,2020,0.11914,38168.90949,Faecal sludge treated
DZA,Algeria,total,Sanitation,2020,3.68185,1599823.96118,Disposed insitu
DZA,Algeria,rural,Sanitation,2020,12.41645,1417145.58786,Disposed insitu
DZA,Algeria,urban,Sanitation,2020,0.57019,182678.3501,Disposed insitu
DZA,Algeria,total,Sanitation,2020,57.95987,25184529.6729,Sewage treated
DZA,Algeria,rural,Sanitation,2020,40.74066,4649913.87923,Sewage treated
DZA,Algeria,urban,Sanitation,2020,64.09413,20534616.46612,Sewage treated
ECU,Ecuador,total,Sanitation,2020,0.30377,53429.13351,Faecal sludge treated
ECU,Ecuador,rural,Sanitation,2020,0,0,Faecal sludge treated
ECU,Ecuador,urban,Sanitation,2020,0.47342,53429.13133,Faecal sludge treated
ECU,Ecuador,total,Sanitation,2020,25.23081,4437745.6924,Disposed insitu
ECU,Ecuador,rural,Sanitation,2020,52.64089,3317795.76624,Disposed insitu
ECU,Ecuador,urban,Sanitation,2020,9.92344,1119949.74676,Disposed insitu
ECU,Ecuador,total,Sanitation,2020,16.32389,2871143.58268,Sewage treated
ECU,Ecuador,rural,Sanitation,2020,6.76657,426476.52421,Sewage treated
ECU,Ecuador,urban,Sanitation,2020,21.66126,2444666.94144,Sewage treated
EGY,Egypt,total,Sanitation,2020,5.43321,5838810.3963,Faecal sludge treated
EGY,Egypt,rural,Sanitation,2020,9.39417,5776315.05193,Faecal sludge treated
EGY,Egypt,urban,Sanitation,2020,0.13593,62495.32302,Faecal sludge treated
EGY,Egypt,total,Sanitation,2020,7.02637,7550903.13126,Disposed insitu
EGY,Egypt,rural,Sanitation,2020,12.14106,7465336.96661,Disposed insitu
EGY,Egypt,urban,Sanitation,2020,0.18611,85566.13699,Disposed insitu
EGY,Egypt,total,Sanitation,2020,54.69496,58778017.22059,Sewage treated
EGY,Egypt,rural,Sanitation,2020,41.51889,25529271.84564,Sewage treated
EGY,Egypt,urban,Sanitation,2020,72.31634,33248744.85475,Sewage treated
ESP,Spain,total,Sanitation,2020,3.74568,1774094.29649,Faecal sludge treated
ESP,Spain,total,Sanitation,2020,0.17379,82312.55563,Disposed insitu
ESP,Spain,total,Sanitation,2020,86.04639,40754848.0135,Sewage treated
EST,Estonia,total,Sanitation,2020,4.87778,64847.33371,Faecal sludge treated
EST,Estonia,urban,Sanitation,2020,0.51469,4736.97578,Faecal sludge treated
EST,Estonia,total,Sanitation,2020,4.87778,64847.33371,Disposed insitu
EST,Estonia,urban,Sanitation,2020,0.51469,4736.97578,Disposed insitu
EST,Estonia,total,Sanitation,2020,80.65135,1072214.59676,Sewage treated
EST,Estonia,rural,Sanitation,2020,45.42768,185836.99439,Sewage treated
EST,Estonia,urban,Sanitation,2020,96.30762,886377.632,Sewage treated
ETH,Ethiopia,total,Sanitation,2020,0,0,Faecal sludge treated
ETH,Ethiopia,rural,Sanitation,2020,0,0,Faecal sludge treated
ETH,Ethiopia,urban,Sanitation,2020,0,0,Faecal sludge treated
ETH,Ethiopia,total,Sanitation,2020,6.73686,7894991.31935,Disposed insitu
ETH,Ethiopia,rural,Sanitation,2020,3.99825,3669043.29679,Disposed insitu
ETH,Ethiopia,urban,Sanitation,2020,16.62151,4225947.97283,Disposed insitu
ETH,Ethiopia,total,Sanitation,2020,0.18859,221015.858,Sewage treated
ETH,Ethiopia,rural,Sanitation,2020,0.09444,86667.66437,Sewage treated
ETH,Ethiopia,urban,Sanitation,2020,0.52842,134348.19197,Sewage treated
FIN,Finland,total,Sanitation,2020,4.72055,261021.11849,Faecal sludge treated
FIN,Finland,total,Sanitation,2020,0.08583,4745.83852,Disposed insitu
FIN,Finland,total,Sanitation,2020,84.88319,4693588.59038,Sewage treated
FJI,Fiji,total,Sanitation,2020,0,0,Faecal sludge treated
FJI,Fiji,rural,Sanitation,2020,0,0,Faecal sludge treated
FJI,Fiji,urban,Sanitation,2020,0,0,Faecal sludge treated
FJI,Fiji,total,Sanitation,2020,39.13734,360228.65176,Disposed insitu
FJI,Fiji,rural,Sanitation,2020,56.1481,220947.25018,Disposed insitu
FJI,Fiji,urban,Sanitation,2020,26.43342,139281.40367,Disposed insitu
FJI,Fiji,total,Sanitation,2020,10.10155,92976.92864,Sewage treated
FJI,Fiji,rural,Sanitation,2020,1.50548,5924.17654,Sewage treated
FJI,Fiji,urban,Sanitation,2020,16.52124,87052.75192,Sewage treated
FRA,France,total,Sanitation,2020,0,0,Faecal sludge treated
FRA,France,total,Sanitation,2020,10.71431,6908590.55541,Disposed insitu
FRA,France,total,Sanitation,2020,78.80576,50813997.68619,Sewage treated
GBR,United Kingdom of Great Britain and Northern Ireland,total,Sanitation,2020,0.50855,341032.8506,Faecal sludge treated
GBR,United Kingdom of Great Britain and Northern Ireland,rural,Sanitation,2020,2.94925,318358.65452,Faecal sludge treated
GBR,United Kingdom of Great Britain and Northern Ireland,urban,Sanitation,2020,0.0403,22674.2093,Faecal sludge treated
GBR,United Kingdom of Great Britain and Northern Ireland,total,Sanitation,2020,0.50855,341032.8506,Disposed insitu
GBR,United Kingdom of Great Britain and Northern Ireland,rural,Sanitation,2020,2.94925,318358.65452,Disposed insitu
GBR,United Kingdom of Great Britain and Northern Ireland,urban,Sanitation,2020,0.0403,22674.2093,Disposed insitu
GBR,United Kingdom of Great Britain and Northern Ireland,total,Sanitation,2020,97.07275,65096477.80047,Sewage treated
GBR,United Kingdom of Great Britain and Northern Ireland,rural,Sanitation,2020,87.67777,9464431.57058,Sewage treated
GBR,United Kingdom of Great Britain and Northern Ireland,urban,Sanitation,2020,98.8752,55632044.60843,Sewage treated
GEO,Georgia,total,Sanitation,2020,0.0621,2338.50094,Faecal sludge treated
GEO,Georgia,rural,Sanitation,2020,0,0,Faecal sludge treated
GEO,Georgia,urban,Sanitation,2020,0.10445,2338.50093,Faecal sludge treated
GEO,Georgia,total,Sanitation,2020,16.20129,610126.37232,Disposed insitu
GEO,Georgia,rural,Sanitation,2020,39.20547,598653.59222,Disposed insitu
GEO,Georgia,urban,Sanitation,2020,0.51242,11472.79751,Disposed insitu
GEO,Georgia,total,Sanitation,2020,8.85404,333435.37165,Sewage treated
GEO,Georgia,rural,Sanitation,2020,1.49043,22758.2635,Sewage treated
GEO,Georgia,urban,Sanitation,2020,13.87603,310677.10746,Sewage treated
GHA,Ghana,total,Sanitation,2020,0,0,Faecal sludge treated
GHA,Ghana,rural,Sanitation,2020,0,0,Faecal sludge treated
GHA,Ghana,urban,Sanitation,2020,0,0,Faecal sludge treated
GHA,Ghana,total,Sanitation,2020,14.16865,4559527.59433,Disposed insitu
GHA,Ghana,rural,Sanitation,2020,16.36507,2246149.14957,Disposed insitu
GHA,Ghana,urban,Sanitation,2020,12.53515,2313378.40657,Disposed insitu
GHA,Ghana,total,Sanitation,2020,0.50609,162861.83893,Sewage treated
GHA,Ghana,rural,Sanitation,2020,0.05167,7091.4191,Sewage treated
GHA,Ghana,urban,Sanitation,2020,0.84405,155770.41431,Sewage treated
GMB,Gambia,total,Sanitation,2020,0,0,Faecal sludge treated
GMB,Gambia,rural,Sanitation,2020,0,0,Faecal sludge treated
GMB,Gambia,urban,Sanitation,2020,0,0,Faecal sludge treated
GMB,Gambia,total,Sanitation,2020,28.67871,738188.61939,Disposed insitu
GMB,Gambia,rural,Sanitation,2020,25.81288,248613.49727,Disposed insitu
GMB,Gambia,urban,Sanitation,2020,30.3922,489575.10562,Disposed insitu
GMB,Gambia,total,Sanitation,2020,0.59041,15197.23188,Sewage treated
GMB,Gambia,rural,Sanitation,2020,0.00072,6.89609,Sewage treated
GMB,Gambia,urban,Sanitation,2020,0.943,15190.33537,Sewage treated
GNB,Guinea-Bissau,total,Sanitation,2020,0,0,Faecal sludge treated
GNB,Guinea-Bissau,rural,Sanitation,2020,0,0,Faecal sludge treated
GNB,Guinea-Bissau,urban,Sanitation,2020,0,0,Faecal sludge treated
GNB,Guinea-Bissau,total,Sanitation,2020,14.22955,286843.27023,Disposed insitu
GNB,Guinea-Bissau,rural,Sanitation,2020,9.90052,111372.22874,Disposed insitu
GNB,Guinea-Bissau,urban,Sanitation,2020,19.69559,175471.04876,Disposed insitu
GNB,Guinea-Bissau,total,Sanitation,2020,0.36948,7448.15485,Sewage treated
GNB,Guinea-Bissau,rural,Sanitation,2020,0.12657,1423.84992,Sewage treated
GNB,Guinea-Bissau,urban,Sanitation,2020,0.67619,6024.30517,Sewage treated
GRC,Greece,total,Sanitation,2020,3.82538,402133.33236,Faecal sludge treated
GRC,Greece,urban,Sanitation,2020,1.23008,103078.93068,Faecal sludge treated
GRC,Greece,total,Sanitation,2020,3.82538,402133.33236,Disposed insitu
GRC,Greece,urban,Sanitation,2020,1.23008,103078.93068,Disposed insitu
GRC,Greece,total,Sanitation,2020,83.78134,8807288.38278,Sewage treated
GRC,Greece,rural,Sanitation,2020,42.48701,905995.45181,Sewage treated
GRC,Greece,urban,Sanitation,2020,94.28946,7901292.76642,Sewage treated
GRL,Greenland,total,Sanitation,2020,0,0,Faecal sludge treated
GRL,Greenland,total,Sanitation,2020,0,0,Disposed insitu
GRL,Greenland,total,Sanitation,2020,0,0,Sewage treated
GUF,French Guiana,total,Sanitation,2020,13.62461,39643.40174,Faecal sludge treated
GUF,French Guiana,total,Sanitation,2020,13.62461,39643.40174,Disposed insitu
GUF,French Guiana,total,Sanitation,2020,47.44805,138059.12644,Sewage treated
GUY,Guyana,total,Sanitation,2020,0,0,Faecal sludge treated
GUY,Guyana,rural,Sanitation,2020,0,0,Faecal sludge treated
GUY,Guyana,urban,Sanitation,2020,0,0,Faecal sludge treated
GUY,Guyana,total,Sanitation,2020,43.87316,349757.73026,Disposed insitu
GUY,Guyana,rural,Sanitation,2020,48.41693,282591.94875,Disposed insitu
GUY,Guyana,urban,Sanitation,2020,31.45372,67165.80516,Disposed insitu
GUY,Guyana,total,Sanitation,2020,1.42915,11393.21439,Sewage treated
GUY,Guyana,rural,Sanitation,2020,0.66823,3900.19095,Sewage treated
GUY,Guyana,urban,Sanitation,2020,3.50898,7493.02381,Sewage treated
HKG,"China, Hong Kong SAR",total,Sanitation,2020,1.47831,110887.33883,Faecal sludge treated
HKG,"China, Hong Kong SAR",urban,Sanitation,2020,1.47831,110887.33883,Faecal sludge treated
HKG,"China, Hong Kong SAR",total,Sanitation,2020,1.53454,115105.54758,Disposed insitu
HKG,"China, Hong Kong SAR",urban,Sanitation,2020,1.53454,115105.54758,Disposed insitu
HKG,"China, Hong Kong SAR",total,Sanitation,2020,90.01102,6751688.90733,Sewage treated
HKG,"China, Hong Kong SAR",urban,Sanitation,2020,90.01102,6751688.90733,Sewage treated
HND,Honduras,total,Sanitation,2020,0.05438,5504.48391,Faecal sludge treated
HND,Honduras,rural,Sanitation,2020,0,0,Faecal sludge treated
HND,Honduras,urban,Sanitation,2020,0.09319,5504.48394,Faecal sludge treated
HND,Honduras,total,Sanitation,2020,37.89019,3835155.47017,Disposed insitu
HND,Honduras,rural,Sanitation,2020,66.63366,2808478.00901,Disposed insitu
HND,Honduras,urban,Sanitation,2020,17.38081,1026677.32536,Disposed insitu
HND,Honduras,total,Sanitation,2020,14.1111,1428292.32569,Sewage treated
HND,Honduras,rural,Sanitation,2020,1.80103,75909.97679,Sewage treated
HND,Honduras,urban,Sanitation,2020,22.89473,1352382.35136,Sewage treated
HRV,Croatia,total,Sanitation,2020,11.22039,459684.47891,Faecal sludge treated
HRV,Croatia,urban,Sanitation,2020,5.7945,136626.95282,Faecal sludge treated
HRV,Croatia,total,Sanitation,2020,11.22039,459684.47891,Disposed insitu
HRV,Croatia,urban,Sanitation,2020,5.7945,136626.95282,Disposed insitu
HRV,Croatia,total,Sanitation,2020,55.73101,2283226.3998,Sewage treated
HRV,Croatia,rural,Sanitation,2020,27.522,478607.07446,Sewage treated
HRV,Croatia,urban,Sanitation,2020,76.53596,1804619.24069,Sewage treated
HUN,Hungary,total,Sanitation,2020,3.9734,387429.10219,Faecal sludge treated
HUN,Hungary,rural,Sanitation,2020,8.94199,244636.44742,Faecal sludge treated
HUN,Hungary,urban,Sanitation,2020,2.0356,142792.6428,Faecal sludge treated
HUN,Hungary,total,Sanitation,2020,3.9734,387429.10219,Disposed insitu
HUN,Hungary,rural,Sanitation,2020,8.94199,244636.44742,Disposed insitu
HUN,Hungary,urban,Sanitation,2020,2.0356,142792.6428,Disposed insitu
HUN,Hungary,total,Sanitation,2020,79.83369,7784242.42671,Sewage treated
HUN,Hungary,rural,Sanitation,2020,62.80188,1718143.63605,Sewage treated
HUN,Hungary,urban,Sanitation,2020,86.47624,6066098.8335,Sewage treated
IMN,Isle of Man,total,Sanitation,2020,2.52976,2126.16369,Faecal sludge treated
IMN,Isle of Man,total,Sanitation,2020,2.52976,2126.16369,Disposed insitu
IMN,Isle of Man,total,Sanitation,2020,79.7619,67036.69048,Sewage treated
IND,India,total,Sanitation,2020,0.63663,8889784.20825,Faecal sludge treated
IND,India,rural,Sanitation,2020,0,0,Faecal sludge treated
IND,India,urban,Sanitation,2020,1.82279,8889784.56825,Faecal sludge treated
IND,India,total,Sanitation,2020,42.90933,599180316.09855,Disposed insitu
IND,India,rural,Sanitation,2020,51.42263,467269715.35169,Disposed insitu
IND,India,urban,Sanitation,2020,27.04737,131910601.20356,Disposed insitu
IND,India,total,Sanitation,2020,4.35364,60793715.59497,Sewage treated
IND,India,rural,Sanitation,2020,0.52187,4742144.61052,Sewage treated
IND,India,urban,Sanitation,2020,11.49299,56051573.20474,Sewage treated
IRL,Ireland,total,Sanitation,2020,0.55552,27476.84639,Faecal sludge treated
IRL,Ireland,rural,Sanitation,2020,0,0,Faecal sludge treated
IRL,Ireland,urban,Sanitation,2020,0.87274,27476.84615,Faecal sludge treated
IRL,Ireland,total,Sanitation,2020,18.77409,928588.63316,Disposed insitu
IRL,Ireland,rural,Sanitation,2020,50.12398,901111.79117,Disposed insitu
IRL,Ireland,urban,Sanitation,2020,0.87274,27476.84615,Disposed insitu
IRL,Ireland,total,Sanitation,2020,60.26312,2980685.50944,Sewage treated
IRL,Ireland,rural,Sanitation,2020,20.70652,372254.83193,Sewage treated
IRL,Ireland,urban,Sanitation,2020,82.85064,2608430.65668,Sewage treated
IRN,Iran (Islamic Republic of),urban,Sanitation,2020,24.31779,16105810.17058,Faecal sludge treated
IRN,Iran (Islamic Republic of),urban,Sanitation,2020,24.31779,16105810.17058,Disposed insitu
IRN,Iran (Islamic Republic of),total,Sanitation,2020,21.82978,19055260.47063,Sewage treated
IRN,Iran (Islamic Republic of),rural,Sanitation,2020,0.24581,51766.03039,Sewage treated
IRN,Iran (Islamic Republic of),urban,Sanitation,2020,28.69294,19003493.72571,Sewage treated
IRQ,Iraq,total,Sanitation,2020,0,0,Faecal sludge treated
IRQ,Iraq,rural,Sanitation,2020,0,0,Faecal sludge treated
IRQ,Iraq,urban,Sanitation,2020,0,0,Faecal sludge treated
IRQ,Iraq,total,Sanitation,2020,25.7823,10972170.71185,Disposed insitu
IRQ,Iraq,rural,Sanitation,2020,40.66858,5037641.79614,Disposed insitu
IRQ,Iraq,urban,Sanitation,2020,19.67035,5934529.1338,Disposed insitu
IRQ,Iraq,total,Sanitation,2020,25.58402,10887788.38057,Sewage treated
IRQ,Iraq,rural,Sanitation,2020,6.95841,861942.95739,Sewage treated
IRQ,Iraq,urban,Sanitation,2020,33.23126,10025845.51183,Sewage treated
ISR,Israel,total,Sanitation,2020,0.18509,16208.96268,Faecal sludge treated
ISR,Israel,rural,Sanitation,2020,0.9949,6458.83898,Faecal sludge treated
ISR,Israel,urban,Sanitation,2020,0.12025,9750.12387,Faecal sludge treated
ISR,Israel,total,Sanitation,2020,0.1924,16849.41098,Disposed insitu
ISR,Israel,rural,Sanitation,2020,1.03421,6714.04053,Disposed insitu
ISR,Israel,urban,Sanitation,2020,0.125,10135.37063,Disposed insitu
ISR,Israel,total,Sanitation,2020,94.36672,8264154.74919,Sewage treated
ISR,Israel,rural,Sanitation,2020,90.40196,586882.8418,Sewage treated
ISR,Israel,urban,Sanitation,2020,94.68415,7677272.01741,Sewage treated
ITA,Italy,total,Sanitation,2020,0.80097,476580.48063,Faecal sludge treated
ITA,Italy,rural,Sanitation,2020,1.57086,270690.08822,Faecal sludge treated
ITA,Italy,urban,Sanitation,2020,0.4871,205890.3924,Faecal sludge treated
ITA,Italy,total,Sanitation,2020,0.82291,489637.13105,Disposed insitu
ITA,Italy,rural,Sanitation,2020,1.6139,278106.05676,Disposed insitu
ITA,Italy,urban,Sanitation,2020,0.50044,211531.07428,Disposed insitu
ITA,Italy,total,Sanitation,2020,77.39912,46052924.9816,Sewage treated
ITA,Italy,rural,Sanitation,2020,74.89054,12905111.29993,Sewage treated
ITA,Italy,urban,Sanitation,2020,78.42181,33147815.18187,Sewage treated
JAM,Jamaica,total,Sanitation,2020,7.79907,219967.83486,Sewage treated
JAM,Jamaica,rural,Sanitation,2020,2.26878,27956.36858,Sewage treated
JAM,Jamaica,urban,Sanitation,2020,12.08976,192011.47774,Sewage treated
JOR,Jordan,total,Sanitation,2020,8.28346,905276.60173,Faecal sludge treated
JOR,Jordan,urban,Sanitation,2020,7.19915,719254.15893,Faecal sludge treated
JOR,Jordan,total,Sanitation,2020,8.28346,905276.60173,Disposed insitu
JOR,Jordan,urban,Sanitation,2020,7.19915,719254.15893,Disposed insitu
JOR,Jordan,total,Sanitation,2020,65.70351,7180553.70183,Sewage treated
JOR,Jordan,rural,Sanitation,2020,19.85848,186253.32454,Sewage treated
JOR,Jordan,urban,Sanitation,2020,70.00728,6994300.12249,Sewage treated
JPN,Japan,total,Sanitation,2020,21.21224,26567223.27438,Faecal sludge treated
JPN,Japan,total,Sanitation,2020,0.00198,2477.72627,Disposed insitu
JPN,Japan,total,Sanitation,2020,77.82067,97466310.5931,Sewage treated
KAZ,Kazakhstan,urban,Sanitation,2020,13.86446,1517537.59835,Faecal sludge treated
KAZ,Kazakhstan,urban,Sanitation,2020,15.46609,1692843.43566,Disposed insitu
KAZ,Kazakhstan,total,Sanitation,2020,32.56357,6180318.71995,Sewage treated
KAZ,Kazakhstan,rural,Sanitation,2020,1.85313,148874.95244,Sewage treated
KAZ,Kazakhstan,urban,Sanitation,2020,55.10423,6031444.01066,Sewage treated
KEN,Kenya,total,Sanitation,2020,0,0,Faecal sludge treated
KEN,Kenya,rural,Sanitation,2020,0,0,Faecal sludge treated
KEN,Kenya,urban,Sanitation,2020,0,0,Faecal sludge treated
KEN,Kenya,total,Sanitation,2020,29.37024,15268347.18588,Disposed insitu
KEN,Kenya,rural,Sanitation,2020,32.19136,12049985.03224,Disposed insitu
KEN,Kenya,urban,Sanitation,2020,22.11413,3218362.36693,Disposed insitu
KEN,Kenya,total,Sanitation,2020,1.50325,781477.33685,Sewage treated
KEN,Kenya,rural,Sanitation,2020,0.07988,29899.19673,Sewage treated
KEN,Kenya,urban,Sanitation,2020,5.16427,751578.14344,Sewage treated
KGZ,Kyrgyzstan,total,Sanitation,2020,0,0,Faecal sludge treated
KGZ,Kyrgyzstan,rural,Sanitation,2020,0,0,Faecal sludge treated
KGZ,Kyrgyzstan,urban,Sanitation,2020,0,0,Faecal sludge treated
KGZ,Kyrgyzstan,total,Sanitation,2020,77.95993,5008827.50039,Disposed insitu
KGZ,Kyrgyzstan,rural,Sanitation,2020,96.45762,3913210.87551,Disposed insitu
KGZ,Kyrgyzstan,urban,Sanitation,2020,46.26854,1095616.56012,Disposed insitu
KGZ,Kyrgyzstan,total,Sanitation,2020,14.55471,935122.07177,Sewage treated
KGZ,Kyrgyzstan,rural,Sanitation,2020,0,0,Sewage treated
KGZ,Kyrgyzstan,urban,Sanitation,2020,39.49076,935122.10494,Sewage treated
KHM,Cambodia,total,Sanitation,2020,0,0,Faecal sludge treated
KHM,Cambodia,rural,Sanitation,2020,0,0,Faecal sludge treated
KHM,Cambodia,urban,Sanitation,2020,0,0,Faecal sludge treated
KHM,Cambodia,total,Sanitation,2020,26.93288,4416147.28713,Disposed insitu
KHM,Cambodia,rural,Sanitation,2020,28.33073,3519688.69975,Disposed insitu
KHM,Cambodia,urban,Sanitation,2020,22.56214,896458.56178,Disposed insitu
KHM,Cambodia,total,Sanitation,2020,6.70992,1100216.9902,Sewage treated
KHM,Cambodia,rural,Sanitation,2020,2.24469,278870.58064,Sewage treated
KHM,Cambodia,urban,Sanitation,2020,20.67171,821346.44353,Sewage treated
KIR,Kiribati,total,Sanitation,2020,0,0,Faecal sludge treated
KIR,Kiribati,rural,Sanitation,2020,0,0,Faecal sludge treated
KIR,Kiribati,urban,Sanitation,2020,0,0,Faecal sludge treated
KIR,Kiribati,total,Sanitation,2020,22.21524,28094.05687,Disposed insitu
KIR,Kiribati,rural,Sanitation,2020,24.03249,13495.96547,Disposed insitu
KIR,Kiribati,urban,Sanitation,2020,20.7637,14598.09121,Disposed insitu
KIR,Kiribati,total,Sanitation,2020,2.1062,2663.56752,Sewage treated
KIR,Kiribati,rural,Sanitation,2020,0.16875,94.76461,Sewage treated
KIR,Kiribati,urban,Sanitation,2020,3.65375,2568.80278,Sewage treated
KOR,Republic of Korea,total,Sanitation,2020,1.67692,869393.35376,Faecal sludge treated
KOR,Republic of Korea,total,Sanitation,2020,0.28707,148828.38231,Disposed insitu
KOR,Republic of Korea,total,Sanitation,2020,97.51547,50556592.79566,Sewage treated
KWT,Kuwait,total,Sanitation,2020,0,0,Faecal sludge treated
KWT,Kuwait,urban,Sanitation,2020,0,0,Faecal sludge treated
KWT,Kuwait,total,Sanitation,2020,0,0,Disposed insitu
KWT,Kuwait,urban,Sanitation,2020,0,0,Disposed insitu
KWT,Kuwait,total,Sanitation,2020,100,4360444,Sewage treated
KWT,Kuwait,urban,Sanitation,2020,99.9986,4360383.0628,Sewage treated
LAO,Lao People's Democratic Republic,total,Sanitation,2020,0,0,Faecal sludge treated
LAO,Lao People's Democratic Republic,rural,Sanitation,2020,0,0,Faecal sludge treated
LAO,Lao People's Democratic Republic,urban,Sanitation,2020,0,0,Faecal sludge treated
LAO,Lao People's Democratic Republic,total,Sanitation,2020,60.53884,4431079.4839,Disposed insitu
LAO,Lao People's Democratic Republic,rural,Sanitation,2020,59.42858,2771266.98126,Disposed insitu
LAO,Lao People's Democratic Republic,urban,Sanitation,2020,62.48801,1659812.57552,Disposed insitu
LAO,Lao People's Democratic Republic,total,Sanitation,2020,0.54258,39713.23324,Sewage treated
LAO,Lao People's Democratic Republic,rural,Sanitation,2020,0.36995,17251.36954,Sewage treated
LAO,Lao People's Democratic Republic,urban,Sanitation,2020,0.84564,22461.86454,Sewage treated
LBN,Lebanon,total,Sanitation,2020,1.65648,93805.36427,Faecal sludge treated
LBN,Lebanon,total,Sanitation,2020,7.70457,436304.01986,Disposed insitu
LBN,Lebanon,total,Sanitation,2020,16.61227,940740.26141,Sewage treated
LBY,Libya,total,Sanitation,2020,1.86073,123811.75159,Faecal sludge treated
LBY,Libya,total,Sanitation,2020,11.97627,796894.34027,Disposed insitu
LBY,Libya,total,Sanitation,2020,9.99354,664964.19638,Sewage treated
LIE,Liechtenstein,total,Sanitation,2020,0.6125,237.3805,Faecal sludge treated
LIE,Liechtenstein,total,Sanitation,2020,0.025,9.689,Disposed insitu
LIE,Liechtenstein,total,Sanitation,2020,95.58378,37044.44971,Sewage treated
LSO,Lesotho,total,Sanitation,2020,0,0,Faecal sludge treated
LSO,Lesotho,rural,Sanitation,2020,0,0,Faecal sludge treated
LSO,Lesotho,urban,Sanitation,2020,0,0,Faecal sludge treated
LSO,Lesotho,total,Sanitation,2020,47.28292,1065804.36961,Disposed insitu
LSO,Lesotho,rural,Sanitation,2020,50.85445,813559.23467,Disposed insitu
LSO,Lesotho,urban,Sanitation,2020,38.55073,252245.19318,Disposed insitu
LSO,Lesotho,total,Sanitation,2020,0.33876,7636.06027,Sewage treated
LSO,Lesotho,rural,Sanitation,2020,0.11236,1797.46038,Sewage treated
LSO,Lesotho,urban,Sanitation,2020,0.89232,5838.60001,Sewage treated
LTU,Lithuania,total,Sanitation,2020,1.43069,40349.40999,Faecal sludge treated
LTU,Lithuania,rural,Sanitation,2020,4.47736,40349.41082,Faecal sludge treated
LTU,Lithuania,urban,Sanitation,2020,0,0,Faecal sludge treated
LTU,Lithuania,total,Sanitation,2020,1.43069,40349.40999,Disposed insitu
LTU,Lithuania,rural,Sanitation,2020,4.47736,40349.41082,Disposed insitu
LTU,Lithuania,urban,Sanitation,2020,0,0,Disposed insitu
LTU,Lithuania,total,Sanitation,2020,91.41383,2578114.08013,Sewage treated
LTU,Lithuania,rural,Sanitation,2020,79.24142,714114.3234,Sewage treated
LTU,Lithuania,urban,Sanitation,2020,97.12992,1863999.81283,Sewage treated
LUX,Luxembourg,total,Sanitation,2020,0.3993,2517.19641,Faecal sludge treated
LUX,Luxembourg,rural,Sanitation,2020,4.65205,2506.53211,Faecal sludge treated
LUX,Luxembourg,urban,Sanitation,2020,0.00185,10.66431,Faecal sludge treated
LUX,Luxembourg,total,Sanitation,2020,0.40365,2544.61123,Disposed insitu
LUX,Luxembourg,rural,Sanitation,2020,4.70271,2533.83078,Disposed insitu
LUX,Luxembourg,urban,Sanitation,2020,0.00187,10.78046,Disposed insitu
LUX,Luxembourg,total,Sanitation,2020,94.33916,594713.12809,Sewage treated
LUX,Luxembourg,rural,Sanitation,2020,78.57479,42336.2631,Sewage treated
LUX,Luxembourg,urban,Sanitation,2020,95.81246,552376.87593,Sewage treated
LVA,Latvia,total,Sanitation,2020,3.9509,74950.61096,Faecal sludge treated
LVA,Latvia,total,Sanitation,2020,4.11121,77991.82836,Disposed insitu
LVA,Latvia,total,Sanitation,2020,76.61453,1453417.43156,Sewage treated
MAC,"China, Macao SAR",total,Sanitation,2020,0,0,Faecal sludge treated
MAC,"China, Macao SAR",urban,Sanitation,2020,0,0,Faecal sludge treated
MAC,"China, Macao SAR",total,Sanitation,2020,0,0,Disposed insitu
MAC,"China, Macao SAR",urban,Sanitation,2020,0,0,Disposed insitu
MAC,"China, Macao SAR",total,Sanitation,2020,66.10806,447077.55976,Sewage treated
MAC,"China, Macao SAR",urban,Sanitation,2020,66.10806,447077.55976,Sewage treated
MAR,Morocco,total,Sanitation,2020,8.03736,2948809.06202,Faecal sludge treated
MAR,Morocco,urban,Sanitation,2020,0.56884,132590.4851,Faecal sludge treated
MAR,Morocco,total,Sanitation,2020,9.31671,3418187.01766,Disposed insitu
MAR,Morocco,urban,Sanitation,2020,1.33572,311345.3602,Disposed insitu
MAR,Morocco,total,Sanitation,2020,20.69025,7590998.25894,Sewage treated
MAR,Morocco,rural,Sanitation,2020,0.07655,10242.24051,Sewage treated
MAR,Morocco,urban,Sanitation,2020,32.52272,7580755.58638,Sewage treated
MCO,Monaco,total,Sanitation,2020,0,0,Faecal sludge treated
MCO,Monaco,urban,Sanitation,2020,0,0,Faecal sludge treated
MCO,Monaco,total,Sanitation,2020,0,0,Disposed insitu
MCO,Monaco,urban,Sanitation,2020,0,0,Disposed insitu
MCO,Monaco,total,Sanitation,2020,100,36922,Sewage treated
MCO,Monaco,urban,Sanitation,2020,100,36922,Sewage treated
MDA,Republic of Moldova,urban,Sanitation,2020,8.21555,108595.27829,Faecal sludge treated
MDA,Republic of Moldova,urban,Sanitation,2020,8.59119,113560.56971,Disposed insitu
MDA,Republic of Moldova,total,Sanitation,2020,30.22946,932532.67292,Sewage treated
MDA,Republic of Moldova,rural,Sanitation,2020,3.07258,54170.25226,Sewage treated
MDA,Republic of Moldova,urban,Sanitation,2020,66.45068,878362.3737,Sewage treated
MDG,Madagascar,total,Sanitation,2020,0,0,Faecal sludge treated
MDG,Madagascar,rural,Sanitation,2020,0,0,Faecal sludge treated
MDG,Madagascar,urban,Sanitation,2020,0,0,Faecal sludge treated
MDG,Madagascar,total,Sanitation,2020,11.23558,3171262.5954,Disposed insitu
MDG,Madagascar,rural,Sanitation,2020,8.86928,1538721.33314,Disposed insitu
MDG,Madagascar,urban,Sanitation,2020,15.01009,1632541.37003,Disposed insitu
MDG,Madagascar,total,Sanitation,2020,0.23673,66817.29353,Sewage treated
MDG,Madagascar,rural,Sanitation,2020,0.0979,16985.22093,Sewage treated
MDG,Madagascar,urban,Sanitation,2020,0.45817,49832.07367,Sewage treated
MEX,Mexico,total,Sanitation,2020,3.10087,3907044.10484,Faecal sludge treated
MEX,Mexico,urban,Sanitation,2020,1.39883,1422884.73086,Faecal sludge treated
MEX,Mexico,total,Sanitation,2020,4.65832,5869403.61965,Disposed insitu
MEX,Mexico,urban,Sanitation,2020,2.10141,2137545.56271,Disposed insitu
MEX,Mexico,total,Sanitation,2020,49.95161,62938181.37955,Sewage treated
MEX,Mexico,rural,Sanitation,2020,22.66853,5503605.27503,Sewage treated
MEX,Mexico,urban,Sanitation,2020,56.46358,57434576.10703,Sewage treated
MKD,North Macedonia,total,Sanitation,2020,0.47713,10072.57041,Faecal sludge treated
MKD,North Macedonia,rural,Sanitation,2020,1.14921,10072.5707,Faecal sludge treated
MKD,North Macedonia,urban,Sanitation,2020,0,0,Faecal sludge treated
MKD,North Macedonia,total,Sanitation,2020,5.14382,108589.81646,Disposed insitu
MKD,North Macedonia,rural,Sanitation,2020,12.38938,108589.81962,Disposed insitu
MKD,North Macedonia,urban,Sanitation,2020,0,0,Disposed insitu
MKD,North Macedonia,total,Sanitation,2020,6.58396,138992.12756,Sewage treated
MKD,North Macedonia,rural,Sanitation,2020,4.35237,38147.43427,Sewage treated
MKD,North Macedonia,urban,Sanitation,2020,8.16823,100844.69881,Sewage treated
MLI,Mali,total,Sanitation,2020,0,0,Faecal sludge treated
MLI,Mali,rural,Sanitation,2020,0,0,Faecal sludge treated
MLI,Mali,urban,Sanitation,2020,0,0,Faecal sludge treated
MLI,Mali,total,Sanitation,2020,14.27832,3030435.72452,Disposed insitu
MLI,Mali,rural,Sanitation,2020,20.8006,2476264.51587,Disposed insitu
MLI,Mali,urban,Sanitation,2020,5.94651,554171.15178,Disposed insitu
MLI,Mali,total,Sanitation,2020,0.61657,130861.25388,Sewage treated
MLI,Mali,rural,Sanitation,2020,0.01113,1325.28411,Sewage treated
MLI,Mali,urban,Sanitation,2020,1.38998,129535.97428,Sewage treated
MLT,Malta,total,Sanitation,2020,0.9027,4652.15248,Faecal sludge treated
MLT,Malta,total,Sanitation,2020,0,0,Disposed insitu
MLT,Malta,total,Sanitation,2020,87.2737,449772.01714,Sewage treated
MMR,Myanmar,total,Sanitation,2020,0,0,Faecal sludge treated
MMR,Myanmar,rural,Sanitation,2020,0,0,Faecal sludge treated
MMR,Myanmar,urban,Sanitation,2020,0,0,Faecal sludge treated
MMR,Myanmar,total,Sanitation,2020,60.30308,32215832.20618,Disposed insitu
MMR,Myanmar,rural,Sanitation,2020,63.86052,23492165.487,Disposed insitu
MMR,Myanmar,urban,Sanitation,2020,52.43685,8723666.64018,Disposed insitu
MMR,Myanmar,total,Sanitation,2020,0.41034,219217.43463,Sewage treated
MMR,Myanmar,rural,Sanitation,2020,0.15428,56756.14625,Sewage treated
MMR,Myanmar,urban,Sanitation,2020,0.97653,162461.28367,Sewage treated
MNE,Montenegro,total,Sanitation,2020,2.60244,16370.60392,Faecal sludge treated
MNE,Montenegro,rural,Sanitation,2020,0,0,Faecal sludge treated
MNE,Montenegro,urban,Sanitation,2020,3.85615,16370.60463,Faecal sludge treated
MNE,Montenegro,total,Sanitation,2020,19.90077,125185.36502,Disposed insitu
MNE,Montenegro,rural,Sanitation,2020,29.94179,61235.7603,Disposed insitu
MNE,Montenegro,urban,Sanitation,2020,15.06356,63949.60527,Disposed insitu
MNE,Montenegro,total,Sanitation,2020,30.91189,194450.63632,Sewage treated
MNE,Montenegro,rural,Sanitation,2020,11.76103,24053.20289,Sewage treated
MNE,Montenegro,urban,Sanitation,2020,40.13772,170397.44002,Sewage treated
MNG,Mongolia,total,Sanitation,2020,0,0,Faecal sludge treated
MNG,Mongolia,rural,Sanitation,2020,0,0,Faecal sludge treated
MNG,Mongolia,urban,Sanitation,2020,0,0,Faecal sludge treated
MNG,Mongolia,total,Sanitation,2020,45.47962,1498250.93662,Disposed insitu
MNG,Mongolia,rural,Sanitation,2020,51.25928,529274.28708,Disposed insitu
MNG,Mongolia,urban,Sanitation,2020,42.84111,968976.61863,Disposed insitu
MNG,Mongolia,total,Sanitation,2020,19.67159,648047.9133,Sewage treated
MNG,Mongolia,rural,Sanitation,2020,2.84949,29422.26074,Sewage treated
MNG,Mongolia,urban,Sanitation,2020,27.35114,618625.64986,Sewage treated
MOZ,Mozambique,rural,Sanitation,2020,0,0,Faecal sludge treated
MOZ,Mozambique,rural,Sanitation,2020,19.16385,3759796.9139,Disposed insitu
MOZ,Mozambique,rural,Sanitation,2020,0.01414,2773.68815,Sewage treated
MTQ,Martinique,total,Sanitation,2020,46.1884,171077.69317,Sewage treated
MUS,Mauritius,urban,Sanitation,2020,33.99221,179816.9805,Sewage treated
MWI,Malawi,total,Sanitation,2020,0,0,Faecal sludge treated
MWI,Malawi,rural,Sanitation,2020,0,0,Faecal sludge treated
MWI,Malawi,urban,Sanitation,2020,0,0,Faecal sludge treated
MWI,Malawi,total,Sanitation,2020,41.62655,8066001.02081,Disposed insitu
MWI,Malawi,rural,Sanitation,2020,42.59159,6814749.22651,Disposed insitu
MWI,Malawi,urban,Sanitation,2020,37.05392,1251251.89252,Disposed insitu
MWI,Malawi,total,Sanitation,2020,0.46204,89529.78058,Sewage treated
MWI,Malawi,rural,Sanitation,2020,0.21527,34443.96173,Sewage treated
MWI,Malawi,urban,Sanitation,2020,1.63128,55085.81825,Sewage treated
MYS,Malaysia,total,Sanitation,2020,0.50918,169047.37921,Faecal sludge treated
MYS,Malaysia,total,Sanitation,2020,9.13792,3033788.01911,Disposed insitu
MYS,Malaysia,total,Sanitation,2020,74.86733,24855946.7062,Sewage treated
NER,Niger,total,Sanitation,2020,0,0,Faecal sludge treated
NER,Niger,rural,Sanitation,2020,0,0,Faecal sludge treated
NER,Niger,urban,Sanitation,2020,0,0,Faecal sludge treated
NER,Niger,total,Sanitation,2020,6.9266,1685494.82743,Disposed insitu
NER,Niger,rural,Sanitation,2020,4.61064,935404.03122,Disposed insitu
NER,Niger,urban,Sanitation,2020,18.5404,750090.82005,Disposed insitu
NER,Niger,total,Sanitation,2020,0.67436,164097.07784,Sewage treated
NER,Niger,rural,Sanitation,2020,0.55793,113191.95985,Sewage treated
NER,Niger,urban,Sanitation,2020,1.25825,50905.12025,Sewage treated
NGA,Nigeria,total,Sanitation,2020,0,0,Faecal sludge treated
NGA,Nigeria,rural,Sanitation,2020,0,0,Faecal sludge treated
NGA,Nigeria,urban,Sanitation,2020,0,0,Faecal sludge treated
NGA,Nigeria,total,Sanitation,2020,27.778,57869195.80709,Disposed insitu
NGA,Nigeria,rural,Sanitation,2020,24.56079,24581582.27978,Disposed insitu
NGA,Nigeria,urban,Sanitation,2020,30.75274,33287611.63235,Disposed insitu
NGA,Nigeria,total,Sanitation,2020,2.84086,5918299.24913,Sewage treated
NGA,Nigeria,rural,Sanitation,2020,1.67895,1680369.5296,Sewage treated
NGA,Nigeria,urban,Sanitation,2020,3.91521,4237929.48462,Sewage treated
NIC,Nicaragua,total,Sanitation,2020,19.45115,1314099.06764,Sewage treated
NIC,Nicaragua,rural,Sanitation,2020,0.42922,11885.44278,Sewage treated
NIC,Nicaragua,urban,Sanitation,2020,32.66322,1302213.68332,Sewage treated
NLD,Netherlands (Kingdom of the),total,Sanitation,2020,0.09435,16450.27139,Faecal sludge treated
NLD,Netherlands (Kingdom of the),rural,Sanitation,2020,1.21528,16450.27265,Faecal sludge treated
NLD,Netherlands (Kingdom of the),urban,Sanitation,2020,0,0,Faecal sludge treated
NLD,Netherlands (Kingdom of the),total,Sanitation,2020,0.09435,16450.27139,Disposed insitu
NLD,Netherlands (Kingdom of the),rural,Sanitation,2020,1.21528,16450.27265,Disposed insitu
NLD,Netherlands (Kingdom of the),urban,Sanitation,2020,0,0,Disposed insitu
NLD,Netherlands (Kingdom of the),total,Sanitation,2020,97.30881,16965359.64816,Sewage treated
NLD,Netherlands (Kingdom of the),rural,Sanitation,2020,95.03743,1286444.73189,Sewage treated
NLD,Netherlands (Kingdom of the),urban,Sanitation,2020,97.5,15678914.55,Sewage treated
NOR,Norway,total,Sanitation,2020,8.37723,450681.6907,Faecal sludge treated
NOR,Norway,total,Sanitation,2020,6.05737,325876.58184,Disposed insitu
NOR,Norway,total,Sanitation,2020,63.47972,3415106.54158,Sewage treated
NPL,Nepal,total,Sanitation,2020,0,0,Faecal sludge treated
NPL,Nepal,rural,Sanitation,2020,0,0,Faecal sludge treated
NPL,Nepal,urban,Sanitation,2020,0,0,Faecal sludge treated
NPL,Nepal,total,Sanitation,2020,46.24381,13571922.87847,Disposed insitu
NPL,Nepal,rural,Sanitation,2020,48.78507,11371729.40374,Disposed insitu
NPL,Nepal,urban,Sanitation,2020,36.43445,2200193.73381,Disposed insitu
NPL,Nepal,total,Sanitation,2020,2.03416,596997.39644,Sewage treated
NPL,Nepal,rural,Sanitation,2020,0.86808,202347.80604,Sewage treated
NPL,Nepal,urban,Sanitation,2020,6.53526,394649.59869,Sewage treated
NZL,New Zealand,total,Sanitation,2020,3.98539,201705.82915,Faecal sludge treated
NZL,New Zealand,total,Sanitation,2020,4.13247,209149.80015,Disposed insitu
NZL,New Zealand,total,Sanitation,2020,80.49929,4074176.0972,Sewage treated
OMN,Oman,total,Sanitation,2020,21.27926,966801.84899,Sewage treated
OMN,Oman,rural,Sanitation,2020,2.08951,13028.86075,Sewage treated
OMN,Oman,urban,Sanitation,2020,24.33179,953772.97897,Sewage treated
PAK,Pakistan,rural,Sanitation,2020,0,0,Faecal sludge treated
PAK,Pakistan,total,Sanitation,2020,25.99418,59057925.1214,Disposed insitu
PAK,Pakistan,rural,Sanitation,2020,33.53109,47868679.35258,Disposed insitu
PAK,Pakistan,urban,Sanitation,2020,13.25149,11189248.97085,Disposed insitu
PAK,Pakistan,rural,Sanitation,2020,3.29347,4701723.38204,Sewage treated
PAN,Panama,urban,Sanitation,2020,7.16087,210384.02711,Faecal sludge treated
PAN,Panama,urban,Sanitation,2020,12.7483,374541.00725,Disposed insitu
PAN,Panama,total,Sanitation,2020,18.75649,805477.97388,Sewage treated
PAN,Panama,rural,Sanitation,2020,2.21173,30000.57734,Sewage treated
PAN,Panama,urban,Sanitation,2020,26.39502,775477.40539,Sewage treated
PER,Peru,total,Sanitation,2020,3.78988,1262211.67941,Faecal sludge treated
PER,Peru,urban,Sanitation,2020,1.70904,445659.71592,Faecal sludge treated
PER,Peru,total,Sanitation,2020,4.93355,1643108.44829,Disposed insitu
PER,Peru,urban,Sanitation,2020,2.22477,580146.14841,Disposed insitu
PER,Peru,total,Sanitation,2020,43.76865,14577041.91004,Sewage treated
PER,Peru,rural,Sanitation,2020,12.16992,879657.96524,Sewage treated
PER,Peru,urban,Sanitation,2020,52.52744,13697384.48719,Sewage treated
PHL,Philippines,total,Sanitation,2020,0,0,Faecal sludge treated
PHL,Philippines,rural,Sanitation,2020,0,0,Faecal sludge treated
PHL,Philippines,urban,Sanitation,2020,0,0,Faecal sludge treated
PHL,Philippines,total,Sanitation,2020,57.67558,64706798.02654,Disposed insitu
PHL,Philippines,rural,Sanitation,2020,63.83519,37664985.08486,Disposed insitu
PHL,Philippines,urban,Sanitation,2020,50.84242,27041812.59479,Disposed insitu
PHL,Philippines,total,Sanitation,2020,3.04689,3418334.88988,Sewage treated
PHL,Philippines,rural,Sanitation,2020,2.03377,1199994.38912,Sewage treated
PHL,Philippines,urban,Sanitation,2020,4.17079,2218340.48732,Sewage treated
PNG,Papua New Guinea,urban,Sanitation,2020,4.19969,54641.72465,Faecal sludge treated
PNG,Papua New Guinea,urban,Sanitation,2020,7.44626,96882.49052,Disposed insitu
PNG,Papua New Guinea,total,Sanitation,2020,3.32774,324442.8066,Sewage treated
PNG,Papua New Guinea,rural,Sanitation,2020,1.26926,107234.14514,Sewage treated
PNG,Papua New Guinea,urban,Sanitation,2020,16.69437,217208.66798,Sewage treated
POL,Poland,total,Sanitation,2020,22.84998,8780875.40192,Faecal sludge treated
POL,Poland,total,Sanitation,2020,0,0,Disposed insitu
POL,Poland,total,Sanitation,2020,74.95324,28803307.02745,Sewage treated
PRI,Puerto Rico,total,Sanitation,2020,0,0,Faecal sludge treated
PRI,Puerto Rico,total,Sanitation,2020,0,0,Disposed insitu
PRI,Puerto Rico,total,Sanitation,2020,32.50916,1063558.00405,Sewage treated
PRK,Democratic People's Republic of Korea,rural,Sanitation,2020,0,0,Faecal sludge treated
PRK,Democratic People's Republic of Korea,total,Sanitation,2020,0.86543,223864.74904,Disposed insitu
PRK,Democratic People's Republic of Korea,rural,Sanitation,2020,0.46541,45289.51025,Disposed insitu
PRK,Democratic People's Republic of Korea,urban,Sanitation,2020,1.10666,178575.23028,Disposed insitu
PRK,Democratic People's Republic of Korea,rural,Sanitation,2020,0.7625,74199.50787,Sewage treated
PRT,Portugal,total,Sanitation,2020,0.82383,84839.95857,Faecal sludge treated
PRT,Portugal,rural,Sanitation,2020,1.29394,44892.72198,Faecal sludge treated
PRT,Portugal,urban,Sanitation,2020,0.58499,39947.23506,Faecal sludge treated
PRT,Portugal,total,Sanitation,2020,6.74308,694415.8364,Disposed insitu
PRT,Portugal,rural,Sanitation,2020,13.46105,467025.79526,Disposed insitu
PRT,Portugal,urban,Sanitation,2020,3.3299,227390.02406,Disposed insitu
PRT,Portugal,total,Sanitation,2020,84.20135,8671216.91699,Sewage treated
PRT,Portugal,rural,Sanitation,2020,69.73827,2419542.03623,Sewage treated
PRT,Portugal,urban,Sanitation,2020,91.54958,6251674.82421,Sewage treated
PRY,Paraguay,total,Sanitation,2020,0,0,Faecal sludge treated
PRY,Paraguay,rural,Sanitation,2020,0,0,Faecal sludge treated
PRY,Paraguay,urban,Sanitation,2020,0,0,Faecal sludge treated
PRY,Paraguay,total,Sanitation,2020,50.47193,3340582.9117,Disposed insitu
PRY,Paraguay,rural,Sanitation,2020,56.67024,1418451.52208,Disposed insitu
PRY,Paraguay,urban,Sanitation,2020,46.70238,1922131.36335,Disposed insitu
PRY,Paraguay,total,Sanitation,2020,3.91234,258946.02905,Sewage treated
PRY,Paraguay,rural,Sanitation,2020,0,0,Sewage treated
PRY,Paraguay,urban,Sanitation,2020,6.29166,258946.02119,Sewage treated
PSE,State of Palestine,total,Sanitation,2020,5.36577,269329.58971,Faecal sludge treated
PSE,State of Palestine,rural,Sanitation,2020,0,0,Faecal sludge treated
PSE,State of Palestine,urban,Sanitation,2020,6.99406,269329.59471,Faecal sludge treated
PSE,State of Palestine,total,Sanitation,2020,23.99651,1204481.13482,Disposed insitu
PSE,State of Palestine,rural,Sanitation,2020,43.59104,509390.43278,Disposed insitu
PSE,State of Palestine,urban,Sanitation,2020,18.05039,695090.71733,Disposed insitu
PSE,State of Palestine,total,Sanitation,2020,37.66194,1890403.79432,Sewage treated
PSE,State of Palestine,rural,Sanitation,2020,6.16067,71991.50962,Sewage treated
PSE,State of Palestine,urban,Sanitation,2020,47.22126,1818412.3188,Sewage treated
PYF,French Polynesia,total,Sanitation,2020,6.38161,19267.35019,Sewage treated
QAT,Qatar,total,Sanitation,2020,0.85,23463.39053,Faecal sludge treated
QAT,Qatar,total,Sanitation,2020,0.85,23463.39053,Disposed insitu
QAT,Qatar,total,Sanitation,2020,96.53653,2664779.85229,Sewage treated
REU,Réunion,total,Sanitation,2020,12.62965,120969.60435,Faecal sludge treated
REU,Réunion,total,Sanitation,2020,12.75723,122191.51954,Disposed insitu
REU,Réunion,total,Sanitation,2020,50.97723,488271.14934,Sewage treated
ROU,Romania,total,Sanitation,2020,15.90319,3091904.9803,Faecal sludge treated
ROU,Romania,total,Sanitation,2020,16.47054,3202209.00985,Disposed insitu
ROU,Romania,total,Sanitation,2020,52.14571,10138188.70448,Sewage treated
RUS,Russian Federation,total,Sanitation,2020,3.85478,5613222.17247,Faecal sludge treated
RUS,Russian Federation,urban,Sanitation,2020,1.31514,1431594.62451,Faecal sludge treated
RUS,Russian Federation,total,Sanitation,2020,5.70901,8313312.01401,Disposed insitu
RUS,Russian Federation,urban,Sanitation,2020,1.94776,2120224.78809,Disposed insitu
RUS,Russian Federation,total,Sanitation,2020,51.34706,74770221.69454,Sewage treated
RUS,Russian Federation,rural,Sanitation,2020,23.01475,8460810.11579,Sewage treated
RUS,Russian Federation,urban,Sanitation,2020,60.91548,66309408.66117,Sewage treated
RWA,Rwanda,rural,Sanitation,2020,0,0,Faecal sludge treated
RWA,Rwanda,rural,Sanitation,2020,56.45149,6127632.72671,Disposed insitu
RWA,Rwanda,rural,Sanitation,2020,0.11711,12712.34787,Sewage treated
SAU,Saudi Arabia,total,Sanitation,2020,6.56944,2364808.86009,Faecal sludge treated
SAU,Saudi Arabia,urban,Sanitation,2020,5.33843,1619727.79405,Faecal sludge treated
SAU,Saudi Arabia,total,Sanitation,2020,6.83662,2460986.72634,Disposed insitu
SAU,Saudi Arabia,urban,Sanitation,2020,5.55555,1685602.86995,Disposed insitu
SAU,Saudi Arabia,total,Sanitation,2020,66.59721,23973068.09375,Sewage treated
SAU,Saudi Arabia,rural,Sanitation,2020,40.53156,2292556.58305,Sewage treated
SAU,Saudi Arabia,urban,Sanitation,2020,71.45643,21680512.29092,Sewage treated
SEN,Senegal,total,Sanitation,2020,0,0,Faecal sludge treated
SEN,Senegal,rural,Sanitation,2020,0,0,Faecal sludge treated
SEN,Senegal,urban,Sanitation,2020,0,0,Faecal sludge treated
SEN,Senegal,total,Sanitation,2020,10.92897,1796298.38248,Disposed insitu
SEN,Senegal,rural,Sanitation,2020,13.41154,1143566.17546,Disposed insitu
SEN,Senegal,urban,Sanitation,2020,8.25262,652732.17317,Disposed insitu
SEN,Senegal,total,Sanitation,2020,2.74821,451699.52952,Sewage treated
SEN,Senegal,rural,Sanitation,2020,0.09809,8364.07991,Sewage treated
SEN,Senegal,urban,Sanitation,2020,5.60518,443335.46886,Sewage treated
SGP,Singapore,total,Sanitation,2020,0,0,Faecal sludge treated
SGP,Singapore,urban,Sanitation,2020,0,0,Faecal sludge treated
SGP,Singapore,total,Sanitation,2020,0,0,Disposed insitu
SGP,Singapore,urban,Sanitation,2020,0,0,Disposed insitu
SGP,Singapore,total,Sanitation,2020,100,5909869,Sewage treated
SGP,Singapore,urban,Sanitation,2020,100,5909869,Sewage treated
SLE,Sierra Leone,total,Sanitation,2020,0,0,Faecal sludge treated
SLE,Sierra Leone,rural,Sanitation,2020,0,0,Faecal sludge treated
SLE,Sierra Leone,urban,Sanitation,2020,0,0,Faecal sludge treated
SLE,Sierra Leone,total,Sanitation,2020,13.83885,1139486.47693,Disposed insitu
SLE,Sierra Leone,rural,Sanitation,2020,8.87038,416881.29444,Disposed insitu
SLE,Sierra Leone,urban,Sanitation,2020,20.44569,722605.15304,Disposed insitu
SLE,Sierra Leone,total,Sanitation,2020,0.16103,13259.00675,Sewage treated
SLE,Sierra Leone,rural,Sanitation,2020,0.01067,501.68006,Sewage treated
SLE,Sierra Leone,urban,Sanitation,2020,0.36096,12757.32635,Sewage treated
SLV,El Salvador,urban,Sanitation,2020,0.65602,30318.97844,Faecal sludge treated
SLV,El Salvador,urban,Sanitation,2020,14.57647,673670.93019,Disposed insitu
SLV,El Salvador,total,Sanitation,2020,1.74303,109684.4369,Sewage treated
SLV,El Salvador,rural,Sanitation,2020,0.0335,559.79541,Sewage treated
SLV,El Salvador,urban,Sanitation,2020,2.36117,109124.64623,Sewage treated
SMR,San Marino,total,Sanitation,2020,3.6525,1242.10567,Faecal sludge treated
SMR,San Marino,total,Sanitation,2020,3.75,1275.2625,Disposed insitu
SMR,San Marino,total,Sanitation,2020,82.79,28154.3953,Sewage treated
SOM,Somalia,total,Sanitation,2020,0,0,Faecal sludge treated
SOM,Somalia,rural,Sanitation,2020,0,0,Faecal sludge treated
SOM,Somalia,urban,Sanitation,2020,0,0,Faecal sludge treated
SOM,Somalia,total,Sanitation,2020,29.40365,4862485.99119,Disposed insitu
SOM,Somalia,rural,Sanitation,2020,19.83776,1766884.09755,Disposed insitu
SOM,Somalia,urban,Sanitation,2020,40.56962,3095602.02462,Disposed insitu
SOM,Somalia,total,Sanitation,2020,2.11589,349905.84426,Sewage treated
SOM,Somalia,rural,Sanitation,2020,1.03984,92615.11425,Sewage treated
SOM,Somalia,urban,Sanitation,2020,3.37194,257290.74014,Sewage treated
SRB,Serbia,total,Sanitation,2020,2.45876,180915.42963,Faecal sludge treated
SRB,Serbia,rural,Sanitation,2020,0,0,Faecal sludge treated
SRB,Serbia,urban,Sanitation,2020,4.35594,180915.42892,Faecal sludge treated
SRB,Serbia,total,Sanitation,2020,14.00311,1030349.53045,Disposed insitu
SRB,Serbia,rural,Sanitation,2020,26.32229,843551.81665,Disposed insitu
SRB,Serbia,urban,Sanitation,2020,4.49758,186797.77455,Disposed insitu
SRB,Serbia,total,Sanitation,2020,9.36233,688880.39779,Sewage treated
SRB,Serbia,rural,Sanitation,2020,3.18436,102049.29507,Sewage treated
SRB,Serbia,urban,Sanitation,2020,14.12928,586831.10784,Sewage treated
STP,Sao Tome and Principe,total,Sanitation,2020,0,0,Faecal sludge treated
STP,Sao Tome and Principe,rural,Sanitation,2020,0,0,Faecal sludge treated
STP,Sao Tome and Principe,urban,Sanitation,2020,0,0,Faecal sludge treated
STP,Sao Tome and Principe,total,Sanitation,2020,26.69704,58370.66788,Disposed insitu
STP,Sao Tome and Principe,rural,Sanitation,2020,26.00889,14583.88025,Disposed insitu
STP,Sao Tome and Principe,urban,Sanitation,2020,26.93439,43786.78747,Disposed insitu
STP,Sao Tome and Principe,total,Sanitation,2020,6.29461,13762.60382,Sewage treated
STP,Sao Tome and Principe,rural,Sanitation,2020,4.19937,2354.69948,Sewage treated
STP,Sao Tome and Principe,urban,Sanitation,2020,7.0173,11407.90435,Sewage treated
SUR,Suriname,total,Sanitation,2020,0,0,Faecal sludge treated
SUR,Suriname,rural,Sanitation,2020,0,0,Faecal sludge treated
SUR,Suriname,urban,Sanitation,2020,0,0,Faecal sludge treated
SUR,Suriname,total,Sanitation,2020,24.089,146235.90736,Disposed insitu
SUR,Suriname,rural,Sanitation,2020,33.21033,68246.4109,Disposed insitu
SUR,Suriname,urban,Sanitation,2020,19.42127,77989.49618,Disposed insitu
SUR,Suriname,total,Sanitation,2020,1.0916,6626.71722,Sewage treated
SUR,Suriname,rural,Sanitation,2020,0.73858,1517.77177,Sewage treated
SUR,Suriname,urban,Sanitation,2020,1.27225,5108.94541,Sewage treated
SVK,Slovakia,total,Sanitation,2020,8.2092,447949.79808,Faecal sludge treated
SVK,Slovakia,rural,Sanitation,2020,11.83435,298600.81629,Faecal sludge treated
SVK,Slovakia,urban,Sanitation,2020,5.09113,149348.97852,Faecal sludge treated
SVK,Slovakia,total,Sanitation,2020,8.41114,458968.89786,Disposed insitu
SVK,Slovakia,rural,Sanitation,2020,12.12547,305946.08623,Disposed insitu
SVK,Slovakia,urban,Sanitation,2020,5.21637,153022.80827,Disposed insitu
SVK,Slovakia,total,Sanitation,2020,65.86789,3594200.50911,Sewage treated
SVK,Slovakia,rural,Sanitation,2020,51.54458,1300557.13735,Sewage treated
SVK,Slovakia,urban,Sanitation,2020,78.18763,2293643.23495,Sewage treated
SVN,Slovenia,total,Sanitation,2020,7.87007,166659.93169,Faecal sludge treated
SVN,Slovenia,total,Sanitation,2020,9.04376,191514.38507,Disposed insitu
SVN,Slovenia,total,Sanitation,2020,66.73191,1413142.22212,Sewage treated
SWE,Sweden,total,Sanitation,2020,7.21464,748084.1767,Faecal sludge treated
SWE,Sweden,rural,Sanitation,2020,15.82748,197315.12564,Faecal sludge treated
SWE,Sweden,urban,Sanitation,2020,6.03761,550769.07782,Faecal sludge treated
SWE,Sweden,total,Sanitation,2020,0.47927,49694.98518,Disposed insitu
SWE,Sweden,rural,Sanitation,2020,1.03563,12910.80128,Disposed insitu
SWE,Sweden,urban,Sanitation,2020,0.40323,36784.18568,Disposed insitu
SWE,Sweden,total,Sanitation,2020,87.82484,9106530.52811,Sewage treated
SWE,Sweden,rural,Sanitation,2020,74.90488,933810.28502,Sewage treated
SWE,Sweden,urban,Sanitation,2020,89.59049,8172720.60331,Sewage treated
SWZ,Eswatini,total,Sanitation,2020,4.66656,55095.99288,Sewage treated
SWZ,Eswatini,rural,Sanitation,2020,1.96522,17594.15775,Sewage treated
SWZ,Eswatini,urban,Sanitation,2020,13.1412,37501.83545,Sewage treated
TCA,Turks and Caicos Islands,total,Sanitation,2020,0,0,Faecal sludge treated
TCA,Turks and Caicos Islands,rural,Sanitation,2020,0,0,Faecal sludge treated
TCA,Turks and Caicos Islands,urban,Sanitation,2020,0,0,Faecal sludge treated
TCA,Turks and Caicos Islands,total,Sanitation,2020,33.99897,15053.38259,Disposed insitu
TCA,Turks and Caicos Islands,rural,Sanitation,2020,43.87142,1242.19748,Disposed insitu
TCA,Turks and Caicos Islands,urban,Sanitation,2020,33.32449,13811.18557,Disposed insitu
TCA,Turks and Caicos Islands,total,Sanitation,2020,0,0,Sewage treated
TCA,Turks and Caicos Islands,rural,Sanitation,2020,0,0,Sewage treated
TCA,Turks and Caicos Islands,urban,Sanitation,2020,0,0,Sewage treated
TCD,Chad,total,Sanitation,2020,0,0,Faecal sludge treated
TCD,Chad,rural,Sanitation,2020,0,0,Faecal sludge treated
TCD,Chad,urban,Sanitation,2020,0,0,Faecal sludge treated
TCD,Chad,total,Sanitation,2020,10.41748,1733957.68244,Disposed insitu
TCD,Chad,rural,Sanitation,2020,4.2173,536856.33317,Disposed insitu
TCD,Chad,urban,Sanitation,2020,30.5786,1197101.35964,Disposed insitu
TCD,Chad,total,Sanitation,2020,0.20502,34124.18262,Sewage treated
TCD,Chad,rural,Sanitation,2020,0.09492,12083.66749,Sewage treated
TCD,Chad,urban,Sanitation,2020,0.563,22040.51528,Sewage treated
TGO,Togo,total,Sanitation,2020,0,0,Faecal sludge treated
TGO,Togo,rural,Sanitation,2020,0,0,Faecal sludge treated
TGO,Togo,urban,Sanitation,2020,0,0,Faecal sludge treated
TGO,Togo,total,Sanitation,2020,5.68901,480298.85941,Disposed insitu
TGO,Togo,rural,Sanitation,2020,4.65934,225006.79449,Disposed insitu
TGO,Togo,urban,Sanitation,2020,7.0651,255292.05156,Disposed insitu
TGO,Togo,total,Sanitation,2020,0.03964,3346.92615,Sewage treated
TGO,Togo,rural,Sanitation,2020,0.02222,1073.17611,Sewage treated
TGO,Togo,urban,Sanitation,2020,0.06293,2273.74997,Sewage treated
THA,Thailand,total,Sanitation,2020,0,0,Faecal sludge treated
THA,Thailand,rural,Sanitation,2020,0,0,Faecal sludge treated
THA,Thailand,urban,Sanitation,2020,0,0,Faecal sludge treated
THA,Thailand,total,Sanitation,2020,19.17931,13708538.11741,Disposed insitu
THA,Thailand,rural,Sanitation,2020,18.05483,6267865.69137,Disposed insitu
THA,Thailand,urban,Sanitation,2020,20.24126,7440672.37991,Disposed insitu
THA,Thailand,total,Sanitation,2020,6.75303,4826772.21999,Sewage treated
THA,Thailand,rural,Sanitation,2020,4.01044,1392254.25592,Sewage treated
THA,Thailand,urban,Sanitation,2020,9.3431,3434517.87657,Sewage treated
TJK,Tajikistan,rural,Sanitation,2020,0,0,Faecal sludge treated
TJK,Tajikistan,rural,Sanitation,2020,59.01847,4083046.58701,Disposed insitu
TJK,Tajikistan,rural,Sanitation,2020,0.24375,16863.20077,Sewage treated
TON,Tonga,total,Sanitation,2020,0,0,Faecal sludge treated
TON,Tonga,rural,Sanitation,2020,0,0,Faecal sludge treated
TON,Tonga,urban,Sanitation,2020,0,0,Faecal sludge treated
TON,Tonga,total,Sanitation,2020,31.15797,32795.00553,Disposed insitu
TON,Tonga,rural,Sanitation,2020,34.16718,27655.3855,Disposed insitu
TON,Tonga,urban,Sanitation,2020,21.13973,5139.62269,Disposed insitu
TON,Tonga,total,Sanitation,2020,1.38205,1454.66715,Sewage treated
TON,Tonga,rural,Sanitation,2020,1.43924,1164.94317,Sewage treated
TON,Tonga,urban,Sanitation,2020,1.19166,289.72409,Sewage treated
TTO,Trinidad and Tobago,total,Sanitation,2020,18.90048,286937.05251,Sewage treated
TUN,Tunisia,total,Sanitation,2020,0.79655,96874.41951,Faecal sludge treated
TUN,Tunisia,rural,Sanitation,2020,0,0,Faecal sludge treated
TUN,Tunisia,urban,Sanitation,2020,1.145,96874.41986,Faecal sludge treated
TUN,Tunisia,total,Sanitation,2020,21.44262,2607791.7313,Disposed insitu
TUN,Tunisia,rural,Sanitation,2020,53.1289,1966329.85248,Disposed insitu
TUN,Tunisia,urban,Sanitation,2020,7.58169,641461.94718,Disposed insitu
TUN,Tunisia,total,Sanitation,2020,58.72254,7141672.98779,Sewage treated
TUN,Tunisia,rural,Sanitation,2020,9.78541,362163.38045,Sewage treated
TUN,Tunisia,urban,Sanitation,2020,80.12972,6779509.64454,Sewage treated
TUR,Türkiye,total,Sanitation,2020,4.41474,3714358.66714,Faecal sludge treated
TUR,Türkiye,rural,Sanitation,2020,15.50436,3117021.1545,Faecal sludge treated
TUR,Türkiye,urban,Sanitation,2020,0.93288,597337.51783,Faecal sludge treated
TUR,Türkiye,total,Sanitation,2020,5.35193,4502872.9998,Disposed insitu
TUR,Türkiye,rural,Sanitation,2020,18.79575,3778727.81123,Disposed insitu
TUR,Türkiye,urban,Sanitation,2020,1.13092,724145.19487,Disposed insitu
TUR,Türkiye,total,Sanitation,2020,65.11343,54783459.76343,Sewage treated
TUR,Türkiye,rural,Sanitation,2020,43.88262,8822233.69543,Sewage treated
TUR,Türkiye,urban,Sanitation,2020,71.77935,45961227.72476,Sewage treated
TUV,Tuvalu,total,Sanitation,2020,0,0,Faecal sludge treated
TUV,Tuvalu,rural,Sanitation,2020,0,0,Faecal sludge treated
TUV,Tuvalu,urban,Sanitation,2020,0,0,Faecal sludge treated
TUV,Tuvalu,total,Sanitation,2020,38.17435,4225.51829,Disposed insitu
TUV,Tuvalu,rural,Sanitation,2020,43.56026,1735.13147,Disposed insitu
TUV,Tuvalu,urban,Sanitation,2020,35.14661,2490.38673,Disposed insitu
TUV,Tuvalu,total,Sanitation,2020,0,0,Sewage treated
TUV,Tuvalu,rural,Sanitation,2020,0,0,Sewage treated
TUV,Tuvalu,urban,Sanitation,2020,0,0,Sewage treated
TZA,United Republic of Tanzania,total,Sanitation,2020,0,0,Faecal sludge treated
TZA,United Republic of Tanzania,rural,Sanitation,2020,0,0,Faecal sludge treated
TZA,United Republic of Tanzania,urban,Sanitation,2020,0,0,Faecal sludge treated
TZA,United Republic of Tanzania,total,Sanitation,2020,24.67283,15224251.98545,Disposed insitu
TZA,United Republic of Tanzania,rural,Sanitation,2020,19.68611,7868119.89268,Disposed insitu
TZA,United Republic of Tanzania,urban,Sanitation,2020,33.84207,7356132.12053,Disposed insitu
TZA,United Republic of Tanzania,total,Sanitation,2020,0.23315,143862.12173,Sewage treated
TZA,United Republic of Tanzania,rural,Sanitation,2020,0.07952,31781.0298,Sewage treated
TZA,United Republic of Tanzania,urban,Sanitation,2020,0.51563,112081.09056,Sewage treated
UGA,Uganda,total,Sanitation,2020,0,0,Faecal sludge treated
UGA,Uganda,rural,Sanitation,2020,0,0,Faecal sludge treated
UGA,Uganda,urban,Sanitation,2020,0,0,Faecal sludge treated
UGA,Uganda,total,Sanitation,2020,17.32178,7691669.45514,Disposed insitu
UGA,Uganda,rural,Sanitation,2020,15.86825,5287917.13127,Disposed insitu
UGA,Uganda,urban,Sanitation,2020,21.69309,2403752.60721,Disposed insitu
UGA,Uganda,total,Sanitation,2020,0.16986,75425.84965,Sewage treated
UGA,Uganda,rural,Sanitation,2020,0.04734,15773.98919,Sewage treated
UGA,Uganda,urban,Sanitation,2020,0.53834,59651.86338,Sewage treated
UKR,Ukraine,total,Sanitation,2020,15.46732,6791650.27488,Faecal sludge treated
UKR,Ukraine,urban,Sanitation,2020,8.79981,2689630.75258,Faecal sludge treated
UKR,Ukraine,total,Sanitation,2020,23.57217,10350463.20324,Disposed insitu
UKR,Ukraine,urban,Sanitation,2020,13.4109,4098992.58768,Disposed insitu
UKR,Ukraine,total,Sanitation,2020,33.00501,14492388.96138,Sewage treated
UKR,Ukraine,rural,Sanitation,2020,1.63531,218232.28585,Sewage treated
UKR,Ukraine,urban,Sanitation,2020,46.70154,14274157.3109,Sewage treated
USA,United States of America,total,Sanitation,2020,7.09394,23831531.85627,Faecal sludge treated
USA,United States of America,urban,Sanitation,2020,2.40425,6676677.29997,Faecal sludge treated
USA,United States of America,total,Sanitation,2020,7.18876,24150075.32828,Disposed insitu
USA,United States of America,urban,Sanitation,2020,2.43639,6765920.91139,Disposed insitu
USA,United States of America,total,Sanitation,2020,82.80919,278190854.5777,Sewage treated
USA,United States of America,rural,Sanitation,2020,37.2093,21670290.78683,Sewage treated
USA,United States of America,urban,Sanitation,2020,92.37224,256520573.8753,Sewage treated
UZB,Uzbekistan,total,Sanitation,2020,0,0,Faecal sludge treated
UZB,Uzbekistan,rural,Sanitation,2020,0,0,Faecal sludge treated
UZB,Uzbekistan,urban,Sanitation,2020,0,0,Faecal sludge treated
UZB,Uzbekistan,total,Sanitation,2020,64.06481,21478790.07385,Disposed insitu
UZB,Uzbekistan,rural,Sanitation,2020,84.69238,14079140.17544,Disposed insitu
UZB,Uzbekistan,urban,Sanitation,2020,43.77766,7399650.0255,Disposed insitu
UZB,Uzbekistan,total,Sanitation,2020,10.39363,3484635.90899,Sewage treated
UZB,Uzbekistan,rural,Sanitation,2020,0.79296,131820.20251,Sewage treated
UZB,Uzbekistan,urban,Sanitation,2020,19.83586,3352815.54679,Sewage treated
VEN,Venezuela (Bolivarian Republic of),total,Sanitation,2020,0.58704,167249.88303,Faecal sludge treated
VEN,Venezuela (Bolivarian Republic of),total,Sanitation,2020,2.21817,631966.34421,Disposed insitu
VEN,Venezuela (Bolivarian Republic of),total,Sanitation,2020,23.72646,6759776.06592,Sewage treated
VNM,Viet Nam,total,Sanitation,2020,0,0,Faecal sludge treated
VNM,Viet Nam,rural,Sanitation,2020,0,0,Faecal sludge treated
VNM,Viet Nam,urban,Sanitation,2020,0,0,Faecal sludge treated
VNM,Viet Nam,total,Sanitation,2020,41.2064,39825442.36222,Disposed insitu
VNM,Viet Nam,rural,Sanitation,2020,42.99495,26037771.17347,Disposed insitu
VNM,Viet Nam,urban,Sanitation,2020,38.20503,13787669.73631,Disposed insitu
VNM,Viet Nam,total,Sanitation,2020,1.55921,1506953.43161,Sewage treated
VNM,Viet Nam,rural,Sanitation,2020,0.98603,597139.49067,Sewage treated
VNM,Viet Nam,urban,Sanitation,2020,2.52105,909813.88964,Sewage treated
VUT,Vanuatu,urban,Sanitation,2020,22.40071,17821.47152,Faecal sludge treated
VUT,Vanuatu,urban,Sanitation,2020,8.78283,6987.41068,Disposed insitu
VUT,Vanuatu,total,Sanitation,2020,0,0,Sewage treated
VUT,Vanuatu,rural,Sanitation,2020,0,0,Sewage treated
VUT,Vanuatu,urban,Sanitation,2020,0,0,Sewage treated
WSM,Samoa,total,Sanitation,2020,0,0,Faecal sludge treated
WSM,Samoa,rural,Sanitation,2020,0,0,Faecal sludge treated
WSM,Samoa,urban,Sanitation,2020,0,0,Faecal sludge treated
WSM,Samoa,total,Sanitation,2020,44.00124,94571.42787,Disposed insitu
WSM,Samoa,rural,Sanitation,2020,45.47121,80247.75367,Disposed insitu
WSM,Samoa,urban,Sanitation,2020,37.25403,14323.67028,Disposed insitu
WSM,Samoa,total,Sanitation,2020,0,0,Sewage treated
WSM,Samoa,rural,Sanitation,2020,0,0,Sewage treated
WSM,Samoa,urban,Sanitation,2020,0,0,Sewage treated
YEM,Yemen,total,Sanitation,2020,2.40543,776570.9839,Faecal sludge treated
YEM,Yemen,urban,Sanitation,2020,2.8515,348972.81711,Faecal sludge treated
YEM,Yemen,total,Sanitation,2020,7.55838,2440152.23248,Disposed insitu
YEM,Yemen,urban,Sanitation,2020,3.41722,418207.97315,Disposed insitu
YEM,Yemen,total,Sanitation,2020,20.84273,6728876.52214,Sewage treated
YEM,Yemen,rural,Sanitation,2020,0.38942,78062.47259,Sewage treated
YEM,Yemen,urban,Sanitation,2020,54.34455,6650813.8691,Sewage treated
ZAF,South Africa,total,Sanitation,2020,10.48348,6164486.5442,Faecal sludge treated
ZAF,South Africa,urban,Sanitation,2020,2.44994,970309.05329,Faecal sludge treated
ZAF,South Africa,total,Sanitation,2020,10.8626,6387418.01763,Disposed insitu
ZAF,South Africa,urban,Sanitation,2020,2.53854,1005399.14967,Disposed insitu
ZAF,South Africa,total,Sanitation,2020,46.86356,27556673.93913,Sewage treated
ZAF,South Africa,rural,Sanitation,2020,4.31132,827620.81614,Sewage treated
ZAF,South Africa,urban,Sanitation,2020,67.48832,26729052.36246,Sewage treated
ZMB,Zambia,rural,Sanitation,2020,0,0,Faecal sludge treated
ZMB,Zambia,rural,Sanitation,2020,30.35624,3181475.39297,Disposed insitu
ZMB,Zambia,rural,Sanitation,2020,0.14636,15339.7296,Sewage treated
ZWE,Zimbabwe,total,Sanitation,2020,0.12953,20296.31257,Faecal sludge treated
ZWE,Zimbabwe,rural,Sanitation,2020,0,0,Faecal sludge treated
ZWE,Zimbabwe,urban,Sanitation,2020,0.40173,20296.31109,Faecal sludge treated
ZWE,Zimbabwe,total,Sanitation,2020,21.96823,3442347.73494,Disposed insitu
ZWE,Zimbabwe,rural,Sanitation,2020,30.02333,3187713.10926,Disposed insitu
ZWE,Zimbabwe,urban,Sanitation,2020,5.04006,254634.5626,Disposed insitu
ZWE,Zimbabwe,total,Sanitation,2020,10.28348,1611386.83298,Sewage treated
ZWE,Zimbabwe,rural,Sanitation,2020,0.61423,65215.84786,Sewage treated
ZWE,Zimbabwe,urban,Sanitation,2020,30.60383,1546170.87183,Sewage treated
